{"type":"FeatureCollection","features":[{"type":"Feature","id":1,"properties":{"community_area_number":1,"community_area_name":"Rogers Park","listed_center_count":6,"population_estimate":53198.29,"estimated_population_covered_1km":51481.44,"estimated_population_covered_2km":53198.29,"coverage_percent_1km":96.77,"coverage_percent_2km":100.0,"population_weighted_mean_nearest_distance_m":453.9,"piece_count":20,"population_weighted_metrics":{"RPL_THEMES":0.7711,"EP_NOVEH":36.2058,"EP_LIMENG":6.4552,"EP_DISABL":10.6344,"EP_AGE65":11.1342}},"geometry":{"type":"Polygon","coordinates":[[[-87.654556,41.998166],[-87.6569,41.99823],[-87.676837,41.997959],[-87.681931,42.009055],[-87.684135,42.015315],[-87.684653,42.019485],[-87.673118,42.019386],[-87.676241,42.021928],[-87.677056,42.023039],[-87.665126,42.022948],[-87.665267,42.022618],[-87.664793,42.022225],[-87.664645,42.02161],[-87.664186,42.021252],[-87.664009,42.021332],[-87.663729,42.020361],[-87.664008,42.020177],[-87.663928,42.019603],[-87.663642,42.019504],[-87.663638,42.019373],[-87.663856,42.019348],[-87.66398,42.019076],[-87.663282,42.018434],[-87.663412,42.018149],[-87.663143,42.017723],[-87.663184,42.017211],[-87.662999,42.017139],[-87.663094,42.016855],[-87.662805,42.016648],[-87.662465,42.015427],[-87.662086,42.014963],[-87.661572,42.013731],[-87.661504,42.013473],[-87.661621,42.01332],[-87.660934,42.012227],[-87.661074,42.012168],[-87.661014,42.012026],[-87.660147,42.01124],[-87.660278,42.011155],[-87.66012,42.010981],[-87.659217,42.01024],[-87.658897,42.009849],[-87.658953,42.00976],[-87.65646,42.007422],[-87.655371,42.006709],[-87.655062,42.006899],[-87.655844,42.006307],[-87.657394,42.006279],[-87.657421,42.005616],[-87.656968,42.004418],[-87.656821,42.004242],[-87.656712,42.004296],[-87.656711,42.004216],[-87.657287,42.004212],[-87.656897,42.0026],[-87.656445,42.002064],[-87.656042,42.00122],[-87.656007,42.00066],[-87.655622,41.99955],[-87.654556,41.998166]]]}},{"type":"Feature","id":2,"properties":{"community_area_number":2,"community_area_name":"West Ridge","listed_center_count":5,"population_estimate":79280.07,"estimated_population_covered_1km":64978.01,"estimated_population_covered_2km":79280.07,"coverage_percent_1km":81.96,"coverage_percent_2km":100.0,"population_weighted_mean_nearest_distance_m":695.7,"piece_count":27,"population_weighted_metrics":{"RPL_THEMES":0.8213,"EP_NOVEH":13.1,"EP_LIMENG":10.3267,"EP_DISABL":8.9875,"EP_AGE65":13.699}},"geometry":{"type":"Polygon","coordinates":[[[-87.684653,42.019485],[-87.684135,42.015315],[-87.681761,42.00865],[-87.676837,41.997959],[-87.675013,41.997993],[-87.67485,41.990762],[-87.689673,41.9905],[-87.689448,41.983168],[-87.706902,41.98308],[-87.707822,41.986028],[-87.70777,41.986487],[-87.707944,41.986523],[-87.708156,41.987039],[-87.708481,41.988492],[-87.709852,41.99281],[-87.710496,41.995728],[-87.710669,41.997294],[-87.709454,41.997388],[-87.709475,42.004519],[-87.709014,42.019131],[-87.689991,42.019531],[-87.684653,42.019485]]]}},{"type":"Feature","id":3,"properties":{"community_area_number":3,"community_area_name":"Uptown","listed_center_count":6,"population_estimate":52693.77,"estimated_population_covered_1km":51959.03,"estimated_population_covered_2km":52693.77,"coverage_percent_1km":98.61,"coverage_percent_2km":100.0,"population_weighted_mean_nearest_distance_m":329.9,"piece_count":23,"population_weighted_metrics":{"RPL_THEMES":0.6266,"EP_NOVEH":42.0362,"EP_LIMENG":5.2596,"EP_DISABL":13.238,"EP_AGE65":10.5065}},"geometry":{"type":"Polygon","coordinates":[[[-87.641024,41.954803],[-87.643996,41.954654],[-87.66225,41.954378],[-87.664471,41.957956],[-87.665954,41.961635],[-87.673977,41.961525],[-87.674408,41.976103],[-87.65126,41.97646],[-87.6496,41.976823],[-87.649043,41.976814],[-87.64886,41.977042],[-87.64729,41.977748],[-87.646691,41.977471],[-87.646145,41.977837],[-87.646662,41.977443],[-87.646366,41.976919],[-87.646143,41.972855],[-87.645027,41.970799],[-87.643973,41.969542],[-87.642628,41.968354],[-87.642744,41.968272],[-87.643013,41.968494],[-87.643272,41.968306],[-87.642965,41.968055],[-87.642802,41.968046],[-87.642558,41.968296],[-87.640486,41.966925],[-87.637426,41.966035],[-87.635094,41.96554],[-87.63298,41.965359],[-87.631995,41.965068],[-87.631841,41.966695],[-87.630962,41.968421],[-87.631184,41.968739],[-87.631632,41.96876],[-87.631888,41.968507],[-87.63182,41.968146],[-87.631969,41.968541],[-87.63157,41.968845],[-87.631055,41.968754],[-87.630876,41.968372],[-87.631638,41.967015],[-87.63192,41.96577],[-87.631674,41.964038],[-87.63122,41.963685],[-87.630996,41.963232],[-87.631074,41.962835],[-87.631454,41.962453],[-87.634224,41.961384],[-87.635588,41.960198],[-87.636639,41.959541],[-87.637337,41.95938],[-87.638167,41.95935],[-87.640099,41.95967],[-87.6403,41.959192],[-87.640161,41.959689],[-87.640803,41.959977],[-87.640959,41.960304],[-87.640735,41.960786],[-87.640264,41.960894],[-87.639324,41.960403],[-87.638822,41.960287],[-87.637319,41.960493],[-87.636391,41.960936],[-87.63583,41.961384],[-87.635347,41.962038],[-87.635407,41.962486],[-87.635923,41.962845],[-87.636846,41.962876],[-87.64125,41.962338],[-87.641761,41.962158],[-87.642123,41.961832],[-87.642282,41.961185],[-87.641525,41.960183],[-87.641613,41.959396],[-87.641022,41.959351],[-87.641629,41.959331],[-87.641745,41.958364],[-87.641024,41.954803]]]}},{"type":"Feature","id":4,"properties":{"community_area_number":4,"community_area_name":"Lincoln Square","listed_center_count":4,"population_estimate":42182.15,"estimated_population_covered_1km":38453.07,"estimated_population_covered_2km":42182.15,"coverage_percent_1km":91.16,"coverage_percent_2km":100.0,"population_weighted_mean_nearest_distance_m":544.5,"piece_count":24,"population_weighted_metrics":{"RPL_THEMES":0.4104,"EP_NOVEH":21.3079,"EP_LIMENG":6.7429,"EP_DISABL":6.3546,"EP_AGE65":9.9522}},"geometry":{"type":"Polygon","coordinates":[[[-87.674705,41.990763],[-87.673977,41.961525],[-87.694746,41.961273],[-87.695784,41.963369],[-87.699558,41.967175],[-87.701083,41.968521],[-87.701545,41.969197],[-87.702564,41.970232],[-87.703219,41.971241],[-87.704295,41.974275],[-87.706902,41.98308],[-87.689448,41.983168],[-87.689673,41.9905],[-87.674705,41.990763]]]}},{"type":"Feature","id":5,"properties":{"community_area_number":5,"community_area_name":"North Center","listed_center_count":2,"population_estimate":35849.09,"estimated_population_covered_1km":31639.13,"estimated_population_covered_2km":35849.09,"coverage_percent_1km":88.26,"coverage_percent_2km":100.0,"population_weighted_mean_nearest_distance_m":661.5,"piece_count":28,"population_weighted_metrics":{"RPL_THEMES":0.1234,"EP_NOVEH":12.3019,"EP_LIMENG":1.5493,"EP_DISABL":5.8031,"EP_AGE65":7.4536}},"geometry":{"type":"Polygon","coordinates":[[[-87.673364,41.932343],[-87.68284,41.932229],[-87.68348,41.933425],[-87.685493,41.933798],[-87.685968,41.934033],[-87.687673,41.935899],[-87.688487,41.936428],[-87.690149,41.936699],[-87.690413,41.936905],[-87.691057,41.93824],[-87.691486,41.938792],[-87.692794,41.939523],[-87.693633,41.940255],[-87.695396,41.943096],[-87.696864,41.950006],[-87.696768,41.950435],[-87.69579,41.952158],[-87.694555,41.953922],[-87.694267,41.95703],[-87.694376,41.95706],[-87.694343,41.957851],[-87.694746,41.961273],[-87.673977,41.961525],[-87.673364,41.932343]]]}},{"type":"Feature","id":6,"properties":{"community_area_number":6,"community_area_name":"Lake View","listed_center_count":6,"population_estimate":90674.03,"estimated_population_covered_1km":88293.67,"estimated_population_covered_2km":90674.03,"coverage_percent_1km":97.37,"coverage_percent_2km":100.0,"population_weighted_mean_nearest_distance_m":495.9,"piece_count":47,"population_weighted_metrics":{"RPL_THEMES":0.1784,"EP_NOVEH":35.625,"EP_LIMENG":1.2981,"EP_DISABL":6.5293,"EP_AGE65":8.237}},"geometry":{"type":"Polygon","coordinates":[[[-87.641024,41.954803],[-87.639204,41.950625],[-87.637546,41.947433],[-87.635062,41.944476],[-87.633051,41.94262],[-87.633082,41.942267],[-87.633369,41.942149],[-87.633715,41.942222],[-87.634056,41.942913],[-87.634493,41.943191],[-87.634842,41.943183],[-87.635424,41.942911],[-87.635922,41.942979],[-87.636184,41.943243],[-87.636965,41.944897],[-87.636822,41.945045],[-87.637363,41.945793],[-87.638887,41.946311],[-87.640021,41.946397],[-87.640265,41.946519],[-87.6401,41.946716],[-87.640304,41.94672],[-87.641105,41.947604],[-87.64187,41.948005],[-87.642065,41.947997],[-87.642134,41.947858],[-87.640049,41.945947],[-87.640124,41.945381],[-87.640448,41.945187],[-87.64046,41.944832],[-87.639586,41.943596],[-87.639111,41.943373],[-87.638718,41.942939],[-87.638512,41.942507],[-87.638346,41.941288],[-87.637115,41.939826],[-87.636951,41.940259],[-87.636734,41.94023],[-87.636816,41.939758],[-87.635841,41.939777],[-87.6358,41.939611],[-87.635469,41.939732],[-87.634988,41.940149],[-87.634783,41.940688],[-87.63517,41.940711],[-87.635153,41.940859],[-87.635112,41.940748],[-87.634764,41.940742],[-87.6347,41.941414],[-87.634448,41.941594],[-87.634453,41.941861],[-87.634,41.941624],[-87.633853,41.941344],[-87.633856,41.940385],[-87.633554,41.939357],[-87.632985,41.938076],[-87.632292,41.937235],[-87.632426,41.937182],[-87.632101,41.93584],[-87.631448,41.934812],[-87.630443,41.933666],[-87.630472,41.933328],[-87.630713,41.933062],[-87.630664,41.932534],[-87.630731,41.933063],[-87.631384,41.93297],[-87.6314,41.93269],[-87.6316,41.932579],[-87.632442,41.932589],[-87.632822,41.932933],[-87.633926,41.932906],[-87.633998,41.933015],[-87.634724,41.932803],[-87.638089,41.932932],[-87.673364,41.932343],[-87.673977,41.961525],[-87.665954,41.961635],[-87.664471,41.957956],[-87.66225,41.954378],[-87.643996,41.954654],[-87.641024,41.954803]]]}},{"type":"Feature","id":7,"properties":{"community_area_number":7,"community_area_name":"Lincoln Park","listed_center_count":1,"population_estimate":62085.3,"estimated_population_covered_1km":34289.84,"estimated_population_covered_2km":61505.45,"coverage_percent_1km":55.23,"coverage_percent_2km":99.07,"population_weighted_mean_nearest_distance_m":973.8,"piece_count":38,"population_weighted_metrics":{"RPL_THEMES":0.1551,"EP_NOVEH":28.7128,"EP_LIMENG":1.1618,"EP_DISABL":4.5237,"EP_AGE65":9.3836}},"geometry":{"type":"Polygon","coordinates":[[[-87.631818,41.932582],[-87.631821,41.932444],[-87.631255,41.932394],[-87.631065,41.932588],[-87.631239,41.932386],[-87.63085,41.932167],[-87.630687,41.931869],[-87.631,41.930407],[-87.63091,41.929322],[-87.630396,41.928082],[-87.630611,41.927996],[-87.629791,41.927079],[-87.629598,41.92658],[-87.629706,41.926092],[-87.629876,41.92616],[-87.630275,41.925748],[-87.629938,41.923547],[-87.629003,41.92275],[-87.628336,41.923074],[-87.629486,41.922441],[-87.628536,41.921033],[-87.627703,41.921362],[-87.628934,41.920821],[-87.628561,41.920123],[-87.627956,41.919505],[-87.627325,41.919747],[-87.628425,41.919172],[-87.627354,41.918003],[-87.6268,41.918251],[-87.627891,41.917673],[-87.62789,41.917571],[-87.626705,41.916435],[-87.626093,41.916836],[-87.626813,41.916286],[-87.626288,41.915758],[-87.6258,41.91553],[-87.624867,41.914725],[-87.623194,41.913776],[-87.621732,41.913528],[-87.620617,41.913793],[-87.620486,41.91361],[-87.620572,41.91337],[-87.620212,41.913907],[-87.620208,41.914556],[-87.620467,41.914794],[-87.620989,41.914785],[-87.620497,41.914852],[-87.620156,41.914579],[-87.620189,41.913792],[-87.620632,41.913261],[-87.621261,41.912998],[-87.622934,41.912674],[-87.624465,41.911567],[-87.626405,41.911373],[-87.626566,41.911673],[-87.626865,41.911338],[-87.627171,41.911249],[-87.656861,41.910785],[-87.657862,41.913809],[-87.658651,41.914708],[-87.659235,41.915147],[-87.661132,41.916177],[-87.661513,41.916121],[-87.663029,41.915488],[-87.663771,41.915678],[-87.664535,41.917703],[-87.665722,41.91893],[-87.666463,41.920028],[-87.667339,41.920879],[-87.668096,41.92203],[-87.669285,41.922389],[-87.671112,41.922411],[-87.672161,41.922806],[-87.674255,41.92439],[-87.674465,41.924837],[-87.674555,41.926142],[-87.674938,41.926658],[-87.676524,41.927591],[-87.67779,41.928023],[-87.679705,41.928464],[-87.680805,41.93064],[-87.682149,41.931404],[-87.682842,41.932153],[-87.68284,41.932229],[-87.638089,41.932932],[-87.634724,41.932803],[-87.633998,41.933015],[-87.633926,41.932906],[-87.632822,41.932933],[-87.632506,41.932601],[-87.631818,41.932582]]]}},{"type":"Feature","id":8,"properties":{"community_area_number":8,"community_area_name":"Near North Side","listed_center_count":5,"population_estimate":91833.08,"estimated_population_covered_1km":74063.83,"estimated_population_covered_2km":91833.08,"coverage_percent_1km":80.65,"coverage_percent_2km":100.0,"population_weighted_mean_nearest_distance_m":689.6,"piece_count":29,"population_weighted_metrics":{"RPL_THEMES":0.2157,"EP_NOVEH":44.6633,"EP_LIMENG":0.5906,"EP_DISABL":7.7148,"EP_AGE65":15.6871}},"geometry":{"type":"Polygon","coordinates":[[[-87.624465,41.911567],[-87.624663,41.911416],[-87.624725,41.910741],[-87.625095,41.910265],[-87.62509,41.909111],[-87.624809,41.907527],[-87.623572,41.904077],[-87.623723,41.904049],[-87.622591,41.903188],[-87.62193,41.902369],[-87.621868,41.902046],[-87.619876,41.901546],[-87.619235,41.901099],[-87.614907,41.894671],[-87.613686,41.893129],[-87.612623,41.893409],[-87.61203,41.893327],[-87.610154,41.896228],[-87.602426,41.896371],[-87.602352,41.893265],[-87.609822,41.893146],[-87.609796,41.892221],[-87.600911,41.892365],[-87.600715,41.892443],[-87.600582,41.89224],[-87.598549,41.892274],[-87.598524,41.89145],[-87.600567,41.891415],[-87.600561,41.891112],[-87.600719,41.891075],[-87.60089,41.891151],[-87.609535,41.891013],[-87.609548,41.889314],[-87.611233,41.88931],[-87.611437,41.89063],[-87.613559,41.890584],[-87.61362,41.890451],[-87.614406,41.890403],[-87.614411,41.890556],[-87.616512,41.890437],[-87.617653,41.890532],[-87.617952,41.890432],[-87.619872,41.890465],[-87.619872,41.890175],[-87.612707,41.890229],[-87.612549,41.889632],[-87.613974,41.888409],[-87.618012,41.888311],[-87.622714,41.888836],[-87.625094,41.888905],[-87.625987,41.888505],[-87.627617,41.887512],[-87.629284,41.887419],[-87.633774,41.887534],[-87.635619,41.887452],[-87.637087,41.886676],[-87.637588,41.886234],[-87.638392,41.886726],[-87.638765,41.887162],[-87.639435,41.889228],[-87.640669,41.890643],[-87.641506,41.891969],[-87.64245,41.892869],[-87.643553,41.893537],[-87.644075,41.894139],[-87.644232,41.896636],[-87.644432,41.897242],[-87.644886,41.897694],[-87.64879,41.898088],[-87.649398,41.898307],[-87.650863,41.899412],[-87.6519,41.900013],[-87.654455,41.900514],[-87.655381,41.900813],[-87.655917,41.901212],[-87.656474,41.902622],[-87.65734,41.903399],[-87.658157,41.904526],[-87.658289,41.905041],[-87.657752,41.908368],[-87.657486,41.90909],[-87.659229,41.90907],[-87.65895,41.909851],[-87.656937,41.910522],[-87.656861,41.910785],[-87.627171,41.911249],[-87.626865,41.911338],[-87.626566,41.911673],[-87.626405,41.911373],[-87.624465,41.911567]]]}},{"type":"Feature","id":9,"properties":{"community_area_number":9,"community_area_name":"Edison Park","listed_center_count":2,"population_estimate":11400.47,"estimated_population_covered_1km":9823.18,"estimated_population_covered_2km":11400.47,"coverage_percent_1km":86.16,"coverage_percent_2km":100.0,"population_weighted_mean_nearest_distance_m":548.1,"piece_count":10,"population_weighted_metrics":{"RPL_THEMES":0.1173,"EP_NOVEH":6.4553,"EP_LIMENG":1.4691,"EP_DISABL":7.2399,"EP_AGE65":14.5723}},"geometry":{"type":"Polygon","coordinates":[[[-87.806547,42.018965],[-87.806818,41.995392],[-87.810333,41.99542],[-87.810354,41.997124],[-87.821414,41.996851],[-87.821253,42.011357],[-87.819729,42.011386],[-87.819731,42.011933],[-87.820098,42.011926],[-87.820069,42.01557],[-87.821231,42.015541],[-87.82121,42.018642],[-87.806547,42.018965]]]}},{"type":"Feature","id":10,"properties":{"community_area_number":10,"community_area_name":"Norwood Park","listed_center_count":5,"population_estimate":40083.75,"estimated_population_covered_1km":30041.47,"estimated_population_covered_2km":40078.49,"coverage_percent_1km":74.95,"coverage_percent_2km":99.99,"population_weighted_mean_nearest_distance_m":669.5,"piece_count":19,"population_weighted_metrics":{"RPL_THEMES":0.4,"EP_NOVEH":7.4668,"EP_LIMENG":2.5238,"EP_DISABL":10.6612,"EP_AGE65":19.8365}},"geometry":{"type":"Polygon","coordinates":[[[-87.780022,41.997414],[-87.782852,41.9974],[-87.782869,41.996161],[-87.777819,41.993857],[-87.778038,41.982905],[-87.787735,41.982899],[-87.788009,41.968888],[-87.802525,41.968773],[-87.802542,41.968297],[-87.807156,41.96827],[-87.807067,41.974538],[-87.816917,41.974289],[-87.816953,41.97066],[-87.818987,41.970608],[-87.818968,41.973219],[-87.819433,41.97322],[-87.819398,41.974223],[-87.826735,41.974034],[-87.826743,41.973143],[-87.831729,41.973056],[-87.831723,41.973949],[-87.833418,41.97392],[-87.833414,41.974917],[-87.83363,41.974913],[-87.833627,41.975368],[-87.836627,41.97531],[-87.836581,41.986396],[-87.823327,41.984509],[-87.822164,41.993112],[-87.821414,41.996851],[-87.810354,41.997124],[-87.810333,41.99542],[-87.806818,41.995392],[-87.806759,42.000837],[-87.805388,42.000859],[-87.805295,42.001498],[-87.801079,42.00154],[-87.801086,42.000872],[-87.799659,42.000869],[-87.799481,41.999985],[-87.797142,42.000005],[-87.797124,42.00094],[-87.791166,42.00098],[-87.790648,42.000399],[-87.790194,42.000613],[-87.78807,41.999653],[-87.787609,41.999641],[-87.786863,41.999849],[-87.78559,41.999721],[-87.785217,41.999788],[-87.784453,42.000173],[-87.783272,42.000008],[-87.783061,42.000077],[-87.782777,42.001072],[-87.782106,42.002461],[-87.781808,42.002834],[-87.78151,42.002956],[-87.780988,42.002869],[-87.780681,42.002608],[-87.780289,42.001607],[-87.779995,41.999228],[-87.780022,41.997414]],[[-87.83321,41.98366],[-87.833211,41.983568],[-87.833584,41.983571],[-87.833596,41.982667],[-87.835072,41.982675],[-87.835092,41.981149],[-87.83435,41.981156],[-87.834351,41.981],[-87.834355,41.980846],[-87.835096,41.980835],[-87.8351,41.980495],[-87.828859,41.9806],[-87.828861,41.980325],[-87.828691,41.980328],[-87.828696,41.979286],[-87.828082,41.979291],[-87.828082,41.979123],[-87.828696,41.97912],[-87.828639,41.97844],[-87.829717,41.978423],[-87.829711,41.978131],[-87.830023,41.978126],[-87.83004,41.977329],[-87.829607,41.977336],[-87.829604,41.976959],[-87.833619,41.976891],[-87.833622,41.975918],[-87.824426,41.976075],[-87.82352,41.983093],[-87.825299,41.983068],[-87.825271,41.981963],[-87.828136,41.981919],[-87.828178,41.983842],[-87.83321,41.98366]]]}},{"type":"Feature","id":11,"properties":{"community_area_number":11,"community_area_name":"Jefferson Park","listed_center_count":3,"population_estimate":27014.57,"estimated_population_covered_1km":21215.76,"estimated_population_covered_2km":27014.57,"coverage_percent_1km":78.53,"coverage_percent_2km":100.0,"population_weighted_mean_nearest_distance_m":697.0,"piece_count":17,"population_weighted_metrics":{"RPL_THEMES":0.43,"EP_NOVEH":9.0958,"EP_LIMENG":8.8075,"EP_DISABL":10.5284,"EP_AGE65":15.483}},"geometry":{"type":"Polygon","coordinates":[[[-87.752635,41.967967],[-87.76075,41.967877],[-87.761355,41.967595],[-87.764776,41.967798],[-87.767477,41.967783],[-87.767505,41.96869],[-87.788014,41.968411],[-87.787735,41.982899],[-87.778038,41.982905],[-87.777819,41.993857],[-87.782869,41.996161],[-87.782852,41.9974],[-87.780022,41.997414],[-87.779903,41.996952],[-87.779489,41.996715],[-87.77888,41.996765],[-87.778332,41.997128],[-87.777306,41.996986],[-87.77671,41.997249],[-87.775867,41.996663],[-87.77438,41.997008],[-87.773577,41.997058],[-87.77253,41.996904],[-87.771552,41.996502],[-87.771254,41.996118],[-87.771157,41.995714],[-87.771366,41.994912],[-87.772219,41.994083],[-87.773534,41.993615],[-87.773703,41.993122],[-87.773453,41.992401],[-87.772899,41.991789],[-87.770935,41.991426],[-87.770867,41.991119],[-87.771485,41.990839],[-87.771738,41.990101],[-87.7714,41.989539],[-87.770479,41.989059],[-87.767964,41.988772],[-87.767618,41.989064],[-87.767642,41.989584],[-87.766896,41.99001],[-87.76576,41.990136],[-87.764827,41.989783],[-87.764155,41.989357],[-87.763733,41.989692],[-87.76298,41.989812],[-87.762603,41.990247],[-87.7621,41.990144],[-87.76159,41.988793],[-87.761762,41.988487],[-87.762268,41.988238],[-87.762286,41.987953],[-87.761825,41.987673],[-87.761137,41.987743],[-87.760675,41.987974],[-87.759093,41.985047],[-87.758157,41.982946],[-87.75801,41.982955],[-87.75506,41.977287],[-87.75533,41.977453],[-87.755194,41.972505],[-87.752814,41.972486],[-87.752635,41.967967]]]}},{"type":"Feature","id":12,"properties":{"community_area_number":12,"community_area_name":"Forest Glen","listed_center_count":1,"population_estimate":19837.37,"estimated_population_covered_1km":5758.34,"estimated_population_covered_2km":17041.97,"coverage_percent_1km":29.03,"coverage_percent_2km":85.91,"population_weighted_mean_nearest_distance_m":1281.7,"piece_count":16,"population_weighted_metrics":{"RPL_THEMES":0.2219,"EP_NOVEH":5.039,"EP_LIMENG":3.273,"EP_DISABL":8.6607,"EP_AGE65":18.1757}},"geometry":{"type":"Polygon","coordinates":[[[-87.769185,42.004889],[-87.765795,42.003325],[-87.765467,42.003735],[-87.767543,42.004706],[-87.767462,42.008322],[-87.761664,42.008272],[-87.761885,42.00324],[-87.76227,42.001687],[-87.7529,41.997301],[-87.72642,41.997249],[-87.731862,41.990094],[-87.732866,41.990083],[-87.734178,41.988292],[-87.738406,41.98632],[-87.738306,41.982713],[-87.746987,41.982631],[-87.747429,41.983437],[-87.74826,41.983677],[-87.747863,41.969939],[-87.747502,41.968604],[-87.747722,41.968029],[-87.752635,41.967967],[-87.752814,41.972486],[-87.755194,41.972505],[-87.75533,41.977453],[-87.75506,41.977287],[-87.75801,41.982955],[-87.758157,41.982946],[-87.759093,41.985047],[-87.760675,41.987974],[-87.761137,41.987743],[-87.761825,41.987673],[-87.762286,41.987953],[-87.762268,41.988238],[-87.761762,41.988487],[-87.76159,41.988793],[-87.7621,41.990144],[-87.762603,41.990247],[-87.76298,41.989812],[-87.763733,41.989692],[-87.764155,41.989357],[-87.764827,41.989783],[-87.76576,41.990136],[-87.766896,41.99001],[-87.767642,41.989584],[-87.767618,41.989064],[-87.767964,41.988772],[-87.770387,41.989038],[-87.771118,41.98931],[-87.77144,41.989584],[-87.771741,41.990182],[-87.771485,41.990839],[-87.770945,41.991029],[-87.770882,41.991356],[-87.771172,41.991516],[-87.771822,41.991544],[-87.772899,41.991789],[-87.773453,41.992401],[-87.773711,41.99327],[-87.773534,41.993615],[-87.7723,41.994037],[-87.771515,41.994698],[-87.771163,41.995453],[-87.771361,41.996307],[-87.772009,41.996733],[-87.773495,41.997055],[-87.77438,41.997008],[-87.775867,41.996663],[-87.77671,41.997249],[-87.777233,41.996993],[-87.778256,41.99714],[-87.77888,41.996765],[-87.779713,41.996784],[-87.779903,41.996952],[-87.780023,41.99742],[-87.779995,41.999228],[-87.780289,42.001607],[-87.780581,42.002467],[-87.780988,42.002869],[-87.781592,42.002952],[-87.782035,42.002593],[-87.782777,42.001072],[-87.782939,42.000274],[-87.783175,42.00002],[-87.78428,42.000189],[-87.784629,42.000136],[-87.78534,41.999751],[-87.786287,41.999736],[-87.786863,41.999849],[-87.787934,41.999635],[-87.790194,42.000613],[-87.782003,42.004498],[-87.783103,42.005423],[-87.788723,42.011997],[-87.779266,42.011992],[-87.779104,42.015442],[-87.776972,42.015386],[-87.777053,42.011982],[-87.773349,42.011958],[-87.770359,42.006194],[-87.769949,42.006376],[-87.769185,42.004889]]]}},{"type":"Feature","id":13,"properties":{"community_area_number":13,"community_area_name":"North Park","listed_center_count":1,"population_estimate":19330.79,"estimated_population_covered_1km":12166.1,"estimated_population_covered_2km":18971.96,"coverage_percent_1km":62.94,"coverage_percent_2km":98.14,"population_weighted_mean_nearest_distance_m":896.6,"piece_count":13,"population_weighted_metrics":{"RPL_THEMES":0.7136,"EP_NOVEH":14.736,"EP_LIMENG":8.7862,"EP_DISABL":11.2594,"EP_AGE65":18.4793}},"geometry":{"type":"Polygon","coordinates":[[[-87.707822,41.986028],[-87.704038,41.973552],[-87.70478,41.973955],[-87.706681,41.974426],[-87.707791,41.974668],[-87.708737,41.974675],[-87.710355,41.974251],[-87.711014,41.97396],[-87.711645,41.973074],[-87.712316,41.972443],[-87.714026,41.971969],[-87.715666,41.971921],[-87.716203,41.972086],[-87.718069,41.973097],[-87.719723,41.973819],[-87.720561,41.974079],[-87.721766,41.974214],[-87.722663,41.974502],[-87.723554,41.975045],[-87.724442,41.975809],[-87.725966,41.976116],[-87.726657,41.975976],[-87.727308,41.975542],[-87.728233,41.975532],[-87.728132,41.971884],[-87.731831,41.971845],[-87.731899,41.973627],[-87.733117,41.973651],[-87.733171,41.97548],[-87.747993,41.975341],[-87.74826,41.983677],[-87.747429,41.983437],[-87.746987,41.982631],[-87.738306,41.982713],[-87.738406,41.98632],[-87.734178,41.988292],[-87.732866,41.990083],[-87.731862,41.990094],[-87.72642,41.997249],[-87.710671,41.997366],[-87.710496,41.995728],[-87.709852,41.99281],[-87.708481,41.988492],[-87.708156,41.987039],[-87.707944,41.986523],[-87.70777,41.986487],[-87.707822,41.986028]]]}},{"type":"Feature","id":14,"properties":{"community_area_number":14,"community_area_name":"Albany Park","listed_center_count":2,"population_estimate":47857.02,"estimated_population_covered_1km":36381.81,"estimated_population_covered_2km":47857.02,"coverage_percent_1km":76.02,"coverage_percent_2km":100.0,"population_weighted_mean_nearest_distance_m":691.7,"piece_count":23,"population_weighted_metrics":{"RPL_THEMES":0.7313,"EP_NOVEH":19.1424,"EP_LIMENG":14.8092,"EP_DISABL":7.7311,"EP_AGE65":11.1478}},"geometry":{"type":"Polygon","coordinates":[[[-87.704038,41.973552],[-87.703532,41.971863],[-87.702648,41.97034],[-87.701545,41.969197],[-87.701083,41.968521],[-87.699558,41.967175],[-87.696051,41.963682],[-87.695477,41.962931],[-87.694746,41.961273],[-87.729693,41.960927],[-87.737851,41.96654],[-87.737902,41.968134],[-87.747722,41.968029],[-87.747502,41.968604],[-87.747851,41.969724],[-87.747993,41.975341],[-87.733171,41.97548],[-87.733117,41.973651],[-87.731899,41.973627],[-87.731831,41.971845],[-87.728132,41.971884],[-87.728233,41.975532],[-87.727308,41.975542],[-87.726657,41.975976],[-87.725966,41.976116],[-87.724442,41.975809],[-87.723554,41.975045],[-87.722663,41.974502],[-87.721766,41.974214],[-87.720561,41.974079],[-87.719723,41.973819],[-87.718069,41.973097],[-87.716203,41.972086],[-87.715666,41.971921],[-87.714026,41.971969],[-87.712316,41.972443],[-87.711645,41.973074],[-87.711014,41.97396],[-87.710355,41.974251],[-87.708737,41.974675],[-87.707791,41.974668],[-87.706681,41.974426],[-87.70478,41.973955],[-87.704038,41.973552]]]}},{"type":"Feature","id":15,"properties":{"community_area_number":15,"community_area_name":"Portage Park","listed_center_count":5,"population_estimate":64227.36,"estimated_population_covered_1km":61101.07,"estimated_population_covered_2km":64227.36,"coverage_percent_1km":95.13,"coverage_percent_2km":100.0,"population_weighted_mean_nearest_distance_m":587.3,"piece_count":30,"population_weighted_metrics":{"RPL_THEMES":0.5952,"EP_NOVEH":9.9782,"EP_LIMENG":10.1007,"EP_DISABL":10.4005,"EP_AGE65":13.9089}},"geometry":{"type":"Polygon","coordinates":[[[-87.76075,41.967877],[-87.747722,41.968029],[-87.747613,41.964296],[-87.747181,41.963391],[-87.747908,41.963482],[-87.747095,41.963232],[-87.746963,41.9629],[-87.74717,41.962635],[-87.746506,41.961911],[-87.744439,41.960756],[-87.746484,41.960736],[-87.742733,41.953474],[-87.742499,41.953474],[-87.742249,41.94254],[-87.74296,41.942532],[-87.742895,41.940694],[-87.742156,41.940705],[-87.742108,41.938892],[-87.776215,41.938448],[-87.776775,41.953056],[-87.78656,41.952917],[-87.786882,41.962503],[-87.787048,41.963304],[-87.786769,41.96355],[-87.786772,41.968427],[-87.767505,41.96869],[-87.767477,41.967783],[-87.764776,41.967798],[-87.761355,41.967595],[-87.76075,41.967877]]]}},{"type":"Feature","id":16,"properties":{"community_area_number":16,"community_area_name":"Irving Park","listed_center_count":5,"population_estimate":53555.37,"estimated_population_covered_1km":46163.57,"estimated_population_covered_2km":53555.37,"coverage_percent_1km":86.2,"coverage_percent_2km":100.0,"population_weighted_mean_nearest_distance_m":640.4,"piece_count":30,"population_weighted_metrics":{"RPL_THEMES":0.6011,"EP_NOVEH":13.4641,"EP_LIMENG":8.0123,"EP_DISABL":8.2333,"EP_AGE65":10.8453}},"geometry":{"type":"Polygon","coordinates":[[[-87.694746,41.961273],[-87.694343,41.957851],[-87.694376,41.95706],[-87.694267,41.95703],[-87.694555,41.953922],[-87.69579,41.952158],[-87.696768,41.950435],[-87.696864,41.950006],[-87.696204,41.946696],[-87.727401,41.946373],[-87.727185,41.939095],[-87.742108,41.938892],[-87.742156,41.940705],[-87.742895,41.940694],[-87.74296,41.942532],[-87.742249,41.94254],[-87.742499,41.953474],[-87.742733,41.953474],[-87.746484,41.960736],[-87.744439,41.960756],[-87.746506,41.961911],[-87.74717,41.962635],[-87.746963,41.9629],[-87.747095,41.963232],[-87.747908,41.963482],[-87.747181,41.963391],[-87.747613,41.964296],[-87.747722,41.968029],[-87.737902,41.968134],[-87.737851,41.96654],[-87.729693,41.960927],[-87.694746,41.961273]]]}},{"type":"Feature","id":17,"properties":{"community_area_number":17,"community_area_name":"Dunning","listed_center_count":5,"population_estimate":42549.74,"estimated_population_covered_1km":40277.57,"estimated_population_covered_2km":42549.74,"coverage_percent_1km":94.66,"coverage_percent_2km":100.0,"population_weighted_mean_nearest_distance_m":565.6,"piece_count":24,"population_weighted_metrics":{"RPL_THEMES":0.4468,"EP_NOVEH":6.1425,"EP_LIMENG":9.8064,"EP_DISABL":9.9098,"EP_AGE65":16.5718}},"geometry":{"type":"Polygon","coordinates":[[[-87.776215,41.938448],[-87.806747,41.937996],[-87.806624,41.934511],[-87.81639,41.934313],[-87.816519,41.937939],[-87.83481,41.937576],[-87.835121,41.944668],[-87.835178,41.944793],[-87.836433,41.944761],[-87.836664,41.95188],[-87.836699,41.95936],[-87.832678,41.959438],[-87.831821,41.955701],[-87.831793,41.952164],[-87.807269,41.952765],[-87.807291,41.953866],[-87.794328,41.96003],[-87.786805,41.960217],[-87.78656,41.952917],[-87.776775,41.953056],[-87.776215,41.938448]]]}},{"type":"Feature","id":18,"properties":{"community_area_number":18,"community_area_name":"Montclare","listed_center_count":1,"population_estimate":13777.76,"estimated_population_covered_1km":9859.79,"estimated_population_covered_2km":13777.76,"coverage_percent_1km":71.56,"coverage_percent_2km":100.0,"population_weighted_mean_nearest_distance_m":702.4,"piece_count":8,"population_weighted_metrics":{"RPL_THEMES":0.7934,"EP_NOVEH":12.5702,"EP_LIMENG":9.3497,"EP_DISABL":13.9816,"EP_AGE65":17.346}},"geometry":{"type":"Polygon","coordinates":[[[-87.789415,41.91751],[-87.791522,41.918132],[-87.803265,41.922499],[-87.80623,41.923368],[-87.806747,41.937996],[-87.790769,41.938239],[-87.790255,41.918985],[-87.790077,41.918212],[-87.789415,41.91751]]]}},{"type":"Feature","id":19,"properties":{"community_area_number":19,"community_area_name":"Belmont Cragin","listed_center_count":5,"population_estimate":74047.32,"estimated_population_covered_1km":59818.32,"estimated_population_covered_2km":74047.32,"coverage_percent_1km":80.78,"coverage_percent_2km":100.0,"population_weighted_mean_nearest_distance_m":722.1,"piece_count":33,"population_weighted_metrics":{"RPL_THEMES":0.801,"EP_NOVEH":13.9657,"EP_LIMENG":19.1601,"EP_DISABL":10.5576,"EP_AGE65":11.8249}},"geometry":{"type":"Polygon","coordinates":[[[-87.741335,41.913898],[-87.755087,41.915471],[-87.755886,41.915492],[-87.755883,41.915403],[-87.759247,41.916087],[-87.763814,41.916626],[-87.766396,41.916721],[-87.785271,41.916452],[-87.787228,41.916722],[-87.789266,41.917432],[-87.789636,41.917666],[-87.790077,41.918212],[-87.790255,41.918985],[-87.790769,41.938239],[-87.742175,41.938891],[-87.741335,41.913898]]]}},{"type":"Feature","id":20,"properties":{"community_area_number":20,"community_area_name":"Hermosa","listed_center_count":1,"population_estimate":23219.77,"estimated_population_covered_1km":23081.02,"estimated_population_covered_2km":23219.77,"coverage_percent_1km":99.4,"coverage_percent_2km":100.0,"population_weighted_mean_nearest_distance_m":569.5,"piece_count":18,"population_weighted_metrics":{"RPL_THEMES":0.8073,"EP_NOVEH":12.3505,"EP_LIMENG":20.3341,"EP_DISABL":9.386,"EP_AGE65":13.0576}},"geometry":{"type":"Polygon","coordinates":[[[-87.735222,41.938986],[-87.727702,41.924473],[-87.726769,41.924484],[-87.726738,41.92331],[-87.726442,41.922653],[-87.727075,41.922645],[-87.726696,41.921882],[-87.726615,41.918994],[-87.724876,41.919016],[-87.723906,41.917198],[-87.724217,41.917196],[-87.724059,41.915373],[-87.72314,41.915385],[-87.722348,41.913635],[-87.737037,41.913468],[-87.738782,41.913559],[-87.741335,41.913898],[-87.742175,41.938891],[-87.735222,41.938986]]]}},{"type":"Feature","id":21,"properties":{"community_area_number":21,"community_area_name":"Avondale","listed_center_count":2,"population_estimate":36361.73,"estimated_population_covered_1km":31311.3,"estimated_population_covered_2km":36361.73,"coverage_percent_1km":86.11,"coverage_percent_2km":100.0,"population_weighted_mean_nearest_distance_m":663.7,"piece_count":21,"population_weighted_metrics":{"RPL_THEMES":0.5338,"EP_NOVEH":16.929,"EP_LIMENG":11.6389,"EP_DISABL":7.9862,"EP_AGE65":8.2248}},"geometry":{"type":"Polygon","coordinates":[[[-87.687987,41.936104],[-87.687883,41.932179],[-87.73146,41.931734],[-87.735222,41.938986],[-87.727185,41.939095],[-87.727401,41.946373],[-87.696204,41.946696],[-87.695279,41.942766],[-87.693633,41.940255],[-87.692794,41.939523],[-87.691486,41.938792],[-87.691057,41.93824],[-87.690413,41.936905],[-87.690149,41.936699],[-87.688527,41.936447],[-87.687987,41.936104]]]}},{"type":"Feature","id":22,"properties":{"community_area_number":22,"community_area_name":"Logan Square","listed_center_count":5,"population_estimate":71463.42,"estimated_population_covered_1km":63899.16,"estimated_population_covered_2km":71463.42,"coverage_percent_1km":89.42,"coverage_percent_2km":100.0,"population_weighted_mean_nearest_distance_m":611.7,"piece_count":50,"population_weighted_metrics":{"RPL_THEMES":0.4176,"EP_NOVEH":20.4029,"EP_LIMENG":8.1501,"EP_DISABL":5.9622,"EP_AGE65":7.8866}},"geometry":{"type":"Polygon","coordinates":[[[-87.68284,41.932229],[-87.682149,41.931404],[-87.680805,41.93064],[-87.679705,41.928464],[-87.67779,41.928023],[-87.676524,41.927591],[-87.674938,41.926658],[-87.674555,41.926142],[-87.674465,41.924837],[-87.674255,41.92439],[-87.672161,41.922806],[-87.671112,41.922411],[-87.669285,41.922389],[-87.668096,41.92203],[-87.667339,41.920879],[-87.666463,41.920028],[-87.665426,41.918588],[-87.664602,41.917801],[-87.663896,41.91589],[-87.663621,41.915615],[-87.666027,41.914541],[-87.667437,41.914281],[-87.677545,41.914171],[-87.677555,41.914716],[-87.682447,41.914619],[-87.68242,41.913582],[-87.683155,41.914059],[-87.69087,41.913962],[-87.690991,41.913862],[-87.69116,41.91396],[-87.697094,41.913907],[-87.697097,41.914004],[-87.69765,41.914003],[-87.706857,41.913773],[-87.707025,41.913665],[-87.715921,41.913557],[-87.718563,41.913669],[-87.722348,41.913635],[-87.72314,41.915385],[-87.724059,41.915373],[-87.724217,41.917196],[-87.723906,41.917198],[-87.724876,41.919016],[-87.726615,41.918994],[-87.726696,41.921882],[-87.727075,41.922645],[-87.726442,41.922653],[-87.726738,41.92331],[-87.726769,41.924484],[-87.727702,41.924473],[-87.73146,41.931734],[-87.687883,41.932179],[-87.687987,41.936104],[-87.687028,41.935272],[-87.685968,41.934033],[-87.685493,41.933798],[-87.683433,41.933396],[-87.68284,41.932229]]]}},{"type":"Feature","id":23,"properties":{"community_area_number":23,"community_area_name":"Humboldt Park","listed_center_count":7,"population_estimate":55030.69,"estimated_population_covered_1km":47742.32,"estimated_population_covered_2km":55030.69,"coverage_percent_1km":86.76,"coverage_percent_2km":100.0,"population_weighted_mean_nearest_distance_m":627.7,"piece_count":29,"population_weighted_metrics":{"RPL_THEMES":0.8837,"EP_NOVEH":24.7022,"EP_LIMENG":9.4986,"EP_DISABL":13.1646,"EP_AGE65":9.4376}},"geometry":{"type":"Polygon","coordinates":[[[-87.69157,41.888196],[-87.695202,41.888154],[-87.696667,41.888281],[-87.703868,41.888164],[-87.703871,41.888307],[-87.72465,41.888045],[-87.724645,41.887837],[-87.72587,41.887834],[-87.725874,41.887994],[-87.72766,41.888012],[-87.740596,41.887823],[-87.740749,41.891464],[-87.740581,41.891463],[-87.741152,41.895782],[-87.741021,41.89651],[-87.741119,41.898777],[-87.741342,41.899853],[-87.74134,41.900628],[-87.741164,41.900631],[-87.741411,41.908657],[-87.741335,41.913898],[-87.738782,41.913559],[-87.736724,41.913466],[-87.72134,41.913672],[-87.716658,41.913638],[-87.716656,41.913549],[-87.707025,41.913665],[-87.706857,41.913773],[-87.702325,41.913819],[-87.702328,41.913922],[-87.701981,41.913921],[-87.701866,41.910173],[-87.706986,41.910063],[-87.706674,41.899195],[-87.701951,41.899238],[-87.701881,41.896418],[-87.702234,41.896559],[-87.702204,41.895595],[-87.696703,41.895654],[-87.696671,41.894333],[-87.691668,41.892332],[-87.69157,41.888196]]]}},{"type":"Feature","id":24,"properties":{"community_area_number":24,"community_area_name":"West Town","listed_center_count":7,"population_estimate":86514.07,"estimated_population_covered_1km":76901.96,"estimated_population_covered_2km":86514.07,"coverage_percent_1km":88.89,"coverage_percent_2km":100.0,"population_weighted_mean_nearest_distance_m":667.4,"piece_count":49,"population_weighted_metrics":{"RPL_THEMES":0.2533,"EP_NOVEH":20.1022,"EP_LIMENG":4.244,"EP_DISABL":5.5764,"EP_AGE65":6.5474}},"geometry":{"type":"Polygon","coordinates":[[[-87.656861,41.910785],[-87.656937,41.910522],[-87.65895,41.909851],[-87.659229,41.90907],[-87.657486,41.90909],[-87.657752,41.908368],[-87.658289,41.905041],[-87.658157,41.904526],[-87.657497,41.903602],[-87.656474,41.902622],[-87.655888,41.901169],[-87.655381,41.900813],[-87.654507,41.900528],[-87.6519,41.900013],[-87.650863,41.899412],[-87.649398,41.898307],[-87.64879,41.898088],[-87.644886,41.897694],[-87.644432,41.897242],[-87.644232,41.896636],[-87.644075,41.894139],[-87.643553,41.893537],[-87.64245,41.892869],[-87.641574,41.892049],[-87.640669,41.890643],[-87.639361,41.88908],[-87.644334,41.889034],[-87.644322,41.888582],[-87.647566,41.888568],[-87.647583,41.88905],[-87.686622,41.888635],[-87.686624,41.888411],[-87.687459,41.888386],[-87.688467,41.888173],[-87.69157,41.888196],[-87.691668,41.892332],[-87.696671,41.894333],[-87.696703,41.895654],[-87.702204,41.895595],[-87.702234,41.896559],[-87.701881,41.896418],[-87.701951,41.899238],[-87.706674,41.899195],[-87.706986,41.910063],[-87.701866,41.910173],[-87.701981,41.913921],[-87.697353,41.914005],[-87.697097,41.914004],[-87.697094,41.913907],[-87.69116,41.91396],[-87.690991,41.913862],[-87.69087,41.913962],[-87.683155,41.914059],[-87.68242,41.913582],[-87.682447,41.914619],[-87.677555,41.914716],[-87.677545,41.914171],[-87.667437,41.914281],[-87.666027,41.914541],[-87.663621,41.915615],[-87.663029,41.915488],[-87.661172,41.916182],[-87.659235,41.915147],[-87.658077,41.914108],[-87.657715,41.913425],[-87.656861,41.910785]]]}},{"type":"Feature","id":25,"properties":{"community_area_number":25,"community_area_name":"Austin","listed_center_count":10,"population_estimate":100331.18,"estimated_population_covered_1km":87139.71,"estimated_population_covered_2km":100331.18,"coverage_percent_1km":86.85,"coverage_percent_2km":100.0,"population_weighted_mean_nearest_distance_m":642.0,"piece_count":46,"population_weighted_metrics":{"RPL_THEMES":0.8865,"EP_NOVEH":29.8526,"EP_LIMENG":3.4773,"EP_DISABL":17.6482,"EP_AGE65":14.9444}},"geometry":{"type":"Polygon","coordinates":[[[-87.791522,41.918132],[-87.787228,41.916722],[-87.785271,41.916452],[-87.766396,41.916721],[-87.763814,41.916626],[-87.759247,41.916087],[-87.755883,41.915403],[-87.755886,41.915492],[-87.755087,41.915471],[-87.741335,41.913898],[-87.741411,41.908657],[-87.741164,41.900631],[-87.74134,41.900628],[-87.741342,41.899853],[-87.741119,41.898777],[-87.741021,41.89651],[-87.741163,41.895915],[-87.740581,41.891463],[-87.740749,41.891464],[-87.740212,41.876907],[-87.739515,41.876909],[-87.739453,41.875296],[-87.73939,41.873266],[-87.740085,41.873252],[-87.739766,41.865962],[-87.774139,41.865459],[-87.775599,41.909254],[-87.805745,41.908839],[-87.80623,41.923368],[-87.803265,41.922499],[-87.791522,41.918132]]]}},{"type":"Feature","id":26,"properties":{"community_area_number":26,"community_area_name":"West Garfield Park","listed_center_count":3,"population_estimate":16368.6,"estimated_population_covered_1km":16166.81,"estimated_population_covered_2km":16368.6,"coverage_percent_1km":98.77,"coverage_percent_2km":100.0,"population_weighted_mean_nearest_distance_m":489.2,"piece_count":16,"population_weighted_metrics":{"RPL_THEMES":0.8812,"EP_NOVEH":36.8032,"EP_LIMENG":1.0946,"EP_DISABL":22.7882,"EP_AGE65":13.4733}},"geometry":{"type":"Polygon","coordinates":[[[-87.720391,41.874347],[-87.720196,41.868587],[-87.725271,41.868526],[-87.725287,41.869089],[-87.732578,41.868999],[-87.732673,41.870977],[-87.739894,41.868963],[-87.740085,41.873252],[-87.73939,41.873266],[-87.739502,41.876624],[-87.739515,41.876909],[-87.740212,41.876907],[-87.740596,41.887823],[-87.72766,41.888012],[-87.725874,41.887994],[-87.72587,41.887834],[-87.724645,41.887837],[-87.72465,41.888045],[-87.720983,41.888067],[-87.720667,41.875953],[-87.720391,41.874347]]]}},{"type":"Feature","id":27,"properties":{"community_area_number":27,"community_area_name":"East Garfield Park","listed_center_count":5,"population_estimate":19907.2,"estimated_population_covered_1km":19907.2,"estimated_population_covered_2km":19907.2,"coverage_percent_1km":100.0,"coverage_percent_2km":100.0,"population_weighted_mean_nearest_distance_m":429.5,"piece_count":23,"population_weighted_metrics":{"RPL_THEMES":0.8918,"EP_NOVEH":39.8039,"EP_LIMENG":0.3627,"EP_DISABL":17.8974,"EP_AGE65":10.602}},"geometry":{"type":"Polygon","coordinates":[[[-87.695202,41.888154],[-87.688672,41.888175],[-87.690327,41.887677],[-87.691152,41.887096],[-87.691686,41.886094],[-87.691592,41.88443],[-87.69228,41.884404],[-87.692162,41.881106],[-87.691505,41.881113],[-87.691193,41.869295],[-87.705756,41.869133],[-87.70579,41.870053],[-87.706034,41.87006],[-87.720239,41.869869],[-87.720391,41.874347],[-87.720667,41.875953],[-87.720983,41.888067],[-87.703871,41.888307],[-87.703868,41.888164],[-87.696667,41.888281],[-87.695202,41.888154]]]}},{"type":"Feature","id":28,"properties":{"community_area_number":28,"community_area_name":"Near West Side","listed_center_count":11,"population_estimate":65490.19,"estimated_population_covered_1km":58100.91,"estimated_population_covered_2km":65490.19,"coverage_percent_1km":88.72,"coverage_percent_2km":100.0,"population_weighted_mean_nearest_distance_m":575.3,"piece_count":40,"population_weighted_metrics":{"RPL_THEMES":0.4231,"EP_NOVEH":33.0039,"EP_LIMENG":1.5947,"EP_DISABL":9.1744,"EP_AGE65":6.6027}},"geometry":{"type":"Polygon","coordinates":[[[-87.637588,41.886234],[-87.638222,41.882265],[-87.638278,41.88037],[-87.638114,41.879182],[-87.63733,41.876471],[-87.636294,41.875201],[-87.636066,41.874673],[-87.63518,41.870607],[-87.634728,41.867262],[-87.634509,41.859384],[-87.635093,41.8582],[-87.635158,41.857722],[-87.638936,41.857665],[-87.639014,41.860018],[-87.674273,41.859546],[-87.676046,41.859419],[-87.678571,41.859042],[-87.684822,41.858607],[-87.685811,41.858415],[-87.685834,41.859366],[-87.688169,41.859338],[-87.688182,41.863057],[-87.690754,41.866564],[-87.690475,41.866568],[-87.69095,41.867294],[-87.691162,41.868358],[-87.691505,41.881113],[-87.692162,41.881106],[-87.69228,41.884404],[-87.691592,41.88443],[-87.691686,41.886094],[-87.691275,41.886958],[-87.690524,41.887578],[-87.688672,41.888175],[-87.686624,41.888411],[-87.686622,41.888635],[-87.647583,41.88905],[-87.647566,41.888568],[-87.644322,41.888582],[-87.644334,41.889034],[-87.639361,41.88908],[-87.638765,41.887162],[-87.638392,41.886726],[-87.637588,41.886234]]]}},{"type":"Feature","id":29,"properties":{"community_area_number":29,"community_area_name":"North Lawndale","listed_center_count":7,"population_estimate":30432.26,"estimated_population_covered_1km":26657.88,"estimated_population_covered_2km":30432.26,"coverage_percent_1km":87.6,"coverage_percent_2km":100.0,"population_weighted_mean_nearest_distance_m":550.2,"piece_count":31,"population_weighted_metrics":{"RPL_THEMES":0.8887,"EP_NOVEH":36.4631,"EP_LIMENG":2.1904,"EP_DISABL":19.586,"EP_AGE65":12.2826}},"geometry":{"type":"Polygon","coordinates":[[[-87.720239,41.869869],[-87.706034,41.87006],[-87.70579,41.870053],[-87.705756,41.869133],[-87.691193,41.869295],[-87.69095,41.867294],[-87.690475,41.866568],[-87.690754,41.866564],[-87.688182,41.863057],[-87.688215,41.859507],[-87.688073,41.859338],[-87.687962,41.856986],[-87.695559,41.855285],[-87.695569,41.855552],[-87.695744,41.855558],[-87.702929,41.855451],[-87.702877,41.853802],[-87.703771,41.853611],[-87.711203,41.853551],[-87.711143,41.851991],[-87.712422,41.851707],[-87.722281,41.851582],[-87.722227,41.849361],[-87.739323,41.845593],[-87.739982,41.865959],[-87.739766,41.865962],[-87.739894,41.868963],[-87.732673,41.870977],[-87.732578,41.868999],[-87.725287,41.869089],[-87.725271,41.868526],[-87.720196,41.868587],[-87.720239,41.869869]]]}},{"type":"Feature","id":30,"properties":{"community_area_number":30,"community_area_name":"South Lawndale","listed_center_count":4,"population_estimate":69648.6,"estimated_population_covered_1km":58920.95,"estimated_population_covered_2km":69648.6,"coverage_percent_1km":84.6,"coverage_percent_2km":100.0,"population_weighted_mean_nearest_distance_m":618.3,"piece_count":30,"population_weighted_metrics":{"RPL_THEMES":0.831,"EP_NOVEH":18.035,"EP_LIMENG":20.7201,"EP_DISABL":11.227,"EP_AGE65":13.4487}},"geometry":{"type":"Polygon","coordinates":[[[-87.687399,41.834801],[-87.696358,41.831995],[-87.696615,41.832195],[-87.700383,41.830917],[-87.704607,41.829798],[-87.704578,41.829116],[-87.714369,41.826041],[-87.714374,41.826321],[-87.738557,41.818706],[-87.738649,41.822118],[-87.738486,41.82212],[-87.738812,41.836726],[-87.738933,41.836724],[-87.738988,41.838549],[-87.739109,41.838548],[-87.739323,41.845593],[-87.722227,41.849361],[-87.722281,41.851582],[-87.712422,41.851707],[-87.711143,41.851991],[-87.711203,41.853551],[-87.703771,41.853611],[-87.702877,41.853802],[-87.702929,41.855451],[-87.695744,41.855558],[-87.695569,41.855552],[-87.695559,41.855285],[-87.688034,41.85697],[-87.68756,41.844795],[-87.687399,41.834801]]]}},{"type":"Feature","id":31,"properties":{"community_area_number":31,"community_area_name":"Lower West Side","listed_center_count":4,"population_estimate":34223.62,"estimated_population_covered_1km":27226.79,"estimated_population_covered_2km":34223.62,"coverage_percent_1km":79.56,"coverage_percent_2km":100.0,"population_weighted_mean_nearest_distance_m":575.7,"piece_count":20,"population_weighted_metrics":{"RPL_THEMES":0.7495,"EP_NOVEH":23.8703,"EP_LIMENG":16.4162,"EP_DISABL":11.3075,"EP_AGE65":11.1676}},"geometry":{"type":"Polygon","coordinates":[[[-87.635158,41.857722],[-87.635494,41.856938],[-87.636161,41.856292],[-87.637479,41.85533],[-87.639044,41.854568],[-87.639394,41.854285],[-87.642182,41.850455],[-87.64264,41.850024],[-87.643316,41.849693],[-87.643999,41.849505],[-87.64585,41.849384],[-87.6468,41.849212],[-87.649637,41.848396],[-87.651003,41.848306],[-87.657505,41.847166],[-87.658605,41.847265],[-87.66072,41.845716],[-87.660773,41.845839],[-87.663607,41.844406],[-87.663888,41.844096],[-87.66431,41.842801],[-87.664969,41.841619],[-87.664542,41.84066],[-87.664538,41.839555],[-87.664285,41.839065],[-87.666506,41.837861],[-87.667627,41.837467],[-87.669264,41.837176],[-87.670561,41.837136],[-87.670562,41.837347],[-87.679661,41.837102],[-87.681438,41.836681],[-87.687399,41.834801],[-87.68756,41.844795],[-87.687791,41.848368],[-87.688073,41.859338],[-87.685834,41.859366],[-87.685811,41.858415],[-87.684822,41.858607],[-87.678571,41.859042],[-87.676046,41.859419],[-87.674273,41.859546],[-87.639014,41.860018],[-87.638936,41.857665],[-87.635158,41.857722]]]}},{"type":"Feature","id":32,"properties":{"community_area_number":32,"community_area_name":"Loop","listed_center_count":4,"population_estimate":38469.26,"estimated_population_covered_1km":37471.17,"estimated_population_covered_2km":38469.26,"coverage_percent_1km":97.41,"coverage_percent_2km":100.0,"population_weighted_mean_nearest_distance_m":469.2,"piece_count":16,"population_weighted_metrics":{"RPL_THEMES":0.3703,"EP_NOVEH":51.378,"EP_LIMENG":2.3996,"EP_DISABL":6.5148,"EP_AGE65":9.9309}},"geometry":{"type":"Polygon","coordinates":[[[-87.609486,41.889399],[-87.607665,41.889369],[-87.607653,41.888674],[-87.607514,41.88864],[-87.605199,41.888715],[-87.604673,41.888627],[-87.605134,41.88856],[-87.60513,41.888347],[-87.602459,41.888314],[-87.60781,41.888185],[-87.609846,41.88797],[-87.609986,41.88408],[-87.612736,41.884059],[-87.612878,41.883391],[-87.613506,41.88286],[-87.614338,41.882566],[-87.61579,41.882436],[-87.616399,41.882023],[-87.616498,41.881414],[-87.615754,41.881417],[-87.615722,41.880567],[-87.616478,41.880557],[-87.616183,41.875668],[-87.616212,41.868899],[-87.615705,41.868651],[-87.615352,41.868304],[-87.618541,41.86799],[-87.618962,41.867503],[-87.634734,41.867315],[-87.63518,41.870607],[-87.635869,41.873971],[-87.636294,41.875201],[-87.637066,41.876033],[-87.637429,41.876688],[-87.638234,41.879994],[-87.638139,41.88319],[-87.637733,41.885722],[-87.63744,41.88642],[-87.635975,41.887343],[-87.635619,41.887452],[-87.633774,41.887534],[-87.629284,41.887419],[-87.627617,41.887512],[-87.625987,41.888505],[-87.625094,41.888905],[-87.622714,41.888836],[-87.618012,41.888311],[-87.613974,41.888409],[-87.612549,41.889632],[-87.612707,41.890229],[-87.619872,41.890175],[-87.619872,41.890465],[-87.617952,41.890432],[-87.617653,41.890532],[-87.616512,41.890437],[-87.614411,41.890556],[-87.614406,41.890403],[-87.61362,41.890451],[-87.613559,41.890584],[-87.611437,41.89063],[-87.611233,41.88931],[-87.609548,41.889314],[-87.609486,41.889399]]]}},{"type":"Feature","id":33,"properties":{"community_area_number":33,"community_area_name":"Near South Side","listed_center_count":2,"population_estimate":26337.22,"estimated_population_covered_1km":23216.26,"estimated_population_covered_2km":26334.11,"coverage_percent_1km":88.15,"coverage_percent_2km":99.99,"population_weighted_mean_nearest_distance_m":526.1,"piece_count":12,"population_weighted_metrics":{"RPL_THEMES":0.2481,"EP_NOVEH":22.8276,"EP_LIMENG":1.4292,"EP_DISABL":7.6284,"EP_AGE65":11.897}},"geometry":{"type":"Polygon","coordinates":[[[-87.609141,41.844693],[-87.609406,41.845267],[-87.616008,41.845093],[-87.616217,41.845178],[-87.616551,41.845632],[-87.617671,41.845723],[-87.629168,41.845557],[-87.62935,41.852882],[-87.630061,41.852877],[-87.630226,41.857779],[-87.635158,41.857722],[-87.635093,41.8582],[-87.634509,41.859384],[-87.634734,41.867315],[-87.618962,41.867503],[-87.618541,41.86799],[-87.613638,41.868506],[-87.612909,41.86838],[-87.612416,41.867938],[-87.612353,41.867446],[-87.612689,41.866969],[-87.612688,41.866753],[-87.607749,41.866859],[-87.607319,41.867144],[-87.606842,41.867241],[-87.606278,41.867157],[-87.605886,41.866933],[-87.605612,41.8663],[-87.605752,41.865946],[-87.606051,41.865681],[-87.606045,41.864794],[-87.606293,41.864785],[-87.606586,41.865213],[-87.60687,41.865181],[-87.607358,41.864812],[-87.607579,41.864274],[-87.606955,41.862374],[-87.606737,41.862187],[-87.606021,41.862005],[-87.605965,41.86008],[-87.607072,41.859958],[-87.606511,41.853359],[-87.609004,41.853181],[-87.609588,41.853393],[-87.609897,41.85377],[-87.609335,41.856817],[-87.609925,41.857656],[-87.609885,41.858643],[-87.610476,41.859281],[-87.610363,41.859864],[-87.610461,41.860131],[-87.610668,41.860206],[-87.610675,41.860651],[-87.610348,41.860848],[-87.610361,41.861396],[-87.609898,41.862109],[-87.609605,41.863405],[-87.609955,41.864634],[-87.610448,41.865319],[-87.61048,41.865865],[-87.612669,41.865843],[-87.61265,41.865279],[-87.613131,41.864449],[-87.61344,41.863371],[-87.61331,41.862494],[-87.612872,41.861674],[-87.612561,41.861373],[-87.612548,41.860825],[-87.612203,41.860634],[-87.612205,41.860461],[-87.612391,41.860455],[-87.612393,41.860354],[-87.61215,41.860346],[-87.612443,41.859988],[-87.612201,41.859265],[-87.612187,41.858584],[-87.612725,41.858359],[-87.613042,41.857611],[-87.613055,41.857032],[-87.612853,41.856356],[-87.612476,41.855843],[-87.611162,41.854864],[-87.610717,41.853078],[-87.609222,41.850909],[-87.609543,41.848696],[-87.60949,41.848074],[-87.609326,41.847636],[-87.608538,41.846576],[-87.608408,41.846066],[-87.608505,41.845672],[-87.609141,41.844693]]]}},{"type":"Feature","id":34,"properties":{"community_area_number":34,"community_area_name":"Armour Square","listed_center_count":1,"population_estimate":13177.46,"estimated_population_covered_1km":13055.68,"estimated_population_covered_2km":13177.46,"coverage_percent_1km":99.08,"coverage_percent_2km":100.0,"population_weighted_mean_nearest_distance_m":501.9,"piece_count":15,"population_weighted_metrics":{"RPL_THEMES":0.8808,"EP_NOVEH":39.4494,"EP_LIMENG":33.2474,"EP_DISABL":16.149,"EP_AGE65":23.5098}},"geometry":{"type":"Polygon","coordinates":[[[-87.629168,41.845557],[-87.629965,41.845545],[-87.629561,41.830971],[-87.628996,41.830975],[-87.628923,41.827679],[-87.629092,41.82733],[-87.628968,41.823681],[-87.633964,41.823613],[-87.636064,41.82521],[-87.636203,41.827233],[-87.636404,41.827231],[-87.636576,41.834147],[-87.636532,41.834526],[-87.63589,41.834535],[-87.635932,41.83636],[-87.636431,41.836354],[-87.636512,41.843643],[-87.638291,41.843617],[-87.638358,41.846183],[-87.639525,41.846374],[-87.6416,41.846301],[-87.64185,41.847111],[-87.641727,41.847283],[-87.642426,41.84811],[-87.641628,41.848119],[-87.641624,41.848193],[-87.642248,41.848926],[-87.643233,41.848522],[-87.643999,41.849505],[-87.64264,41.850024],[-87.641148,41.851793],[-87.639394,41.854285],[-87.639044,41.854568],[-87.637479,41.85533],[-87.636161,41.856292],[-87.635494,41.856938],[-87.635158,41.857722],[-87.630226,41.857779],[-87.630061,41.852877],[-87.62935,41.852882],[-87.629168,41.845557]]]}},{"type":"Feature","id":35,"properties":{"community_area_number":35,"community_area_name":"Douglas","listed_center_count":4,"population_estimate":18639.39,"estimated_population_covered_1km":17853.27,"estimated_population_covered_2km":18639.39,"coverage_percent_1km":95.78,"coverage_percent_2km":100.0,"population_weighted_mean_nearest_distance_m":479.2,"piece_count":18,"population_weighted_metrics":{"RPL_THEMES":0.8037,"EP_NOVEH":42.9541,"EP_LIMENG":1.509,"EP_DISABL":19.061,"EP_AGE65":16.9919}},"geometry":{"type":"Polygon","coordinates":[[[-87.609141,41.844693],[-87.60915,41.844239],[-87.608916,41.843955],[-87.608771,41.843365],[-87.60802,41.842306],[-87.607849,41.841031],[-87.607528,41.84056],[-87.606984,41.840667],[-87.606678,41.840561],[-87.607501,41.840503],[-87.607095,41.839512],[-87.606584,41.839213],[-87.606156,41.838635],[-87.60471,41.83896],[-87.604185,41.839829],[-87.604195,41.839554],[-87.604667,41.83888],[-87.606135,41.838551],[-87.606072,41.837293],[-87.605655,41.836121],[-87.604558,41.834992],[-87.604544,41.834811],[-87.605033,41.834422],[-87.604868,41.833796],[-87.604352,41.833196],[-87.603354,41.832968],[-87.603012,41.832732],[-87.602704,41.832332],[-87.60271,41.831366],[-87.610633,41.831186],[-87.612624,41.823891],[-87.628968,41.823681],[-87.629092,41.82733],[-87.628923,41.827679],[-87.628996,41.830975],[-87.629561,41.830971],[-87.629965,41.845545],[-87.617671,41.845723],[-87.616551,41.845632],[-87.616217,41.845178],[-87.616008,41.845093],[-87.609406,41.845267],[-87.609141,41.844693]]]}},{"type":"Feature","id":36,"properties":{"community_area_number":36,"community_area_name":"Oakland","listed_center_count":3,"population_estimate":4378.75,"estimated_population_covered_1km":4378.75,"estimated_population_covered_2km":4378.75,"coverage_percent_1km":100.0,"coverage_percent_2km":100.0,"population_weighted_mean_nearest_distance_m":285.5,"piece_count":9,"population_weighted_metrics":{"RPL_THEMES":0.8163,"EP_NOVEH":40.4088,"EP_LIMENG":0.1912,"EP_DISABL":13.782,"EP_AGE65":12.7127}},"geometry":{"type":"Polygon","coordinates":[[[-87.592153,41.816929],[-87.595261,41.816943],[-87.5964,41.816817],[-87.596463,41.816908],[-87.596883,41.816928],[-87.606708,41.816814],[-87.606859,41.823166],[-87.606437,41.823306],[-87.606873,41.823965],[-87.612624,41.823891],[-87.610633,41.831186],[-87.60271,41.831366],[-87.602395,41.830693],[-87.601637,41.829975],[-87.599972,41.82793],[-87.597755,41.826344],[-87.597482,41.825641],[-87.597662,41.824198],[-87.597271,41.822618],[-87.596063,41.821142],[-87.595677,41.820363],[-87.595115,41.819814],[-87.594621,41.819696],[-87.593485,41.818812],[-87.592616,41.818343],[-87.592191,41.817681],[-87.592153,41.816929]]]}},{"type":"Feature","id":37,"properties":{"community_area_number":37,"community_area_name":"Fuller Park","listed_center_count":2,"population_estimate":2206.2,"estimated_population_covered_1km":2206.2,"estimated_population_covered_2km":2206.2,"coverage_percent_1km":100.0,"coverage_percent_2km":100.0,"population_weighted_mean_nearest_distance_m":347.4,"piece_count":10,"population_weighted_metrics":{"RPL_THEMES":0.9187,"EP_NOVEH":57.2302,"EP_LIMENG":0.5402,"EP_DISABL":27.9528,"EP_AGE65":29.4108}},"geometry":{"type":"Polygon","coordinates":[[[-87.629357,41.823676],[-87.628555,41.794599],[-87.635457,41.794476],[-87.635914,41.808895],[-87.635918,41.809044],[-87.635774,41.809047],[-87.635862,41.810918],[-87.63638,41.810908],[-87.63616,41.812213],[-87.636162,41.816347],[-87.635716,41.816353],[-87.635888,41.818154],[-87.636036,41.818152],[-87.636118,41.823586],[-87.629357,41.823676]]]}},{"type":"Feature","id":38,"properties":{"community_area_number":38,"community_area_name":"Grand Boulevard","listed_center_count":3,"population_estimate":24815.02,"estimated_population_covered_1km":23153.11,"estimated_population_covered_2km":24815.02,"coverage_percent_1km":93.3,"coverage_percent_2km":100.0,"population_weighted_mean_nearest_distance_m":600.9,"piece_count":24,"population_weighted_metrics":{"RPL_THEMES":0.7212,"EP_NOVEH":28.3758,"EP_LIMENG":0.545,"EP_DISABL":17.6171,"EP_AGE65":14.9599}},"geometry":{"type":"Polygon","coordinates":[[[-87.606859,41.823166],[-87.606407,41.802251],[-87.628798,41.801893],[-87.629357,41.823676],[-87.606873,41.823965],[-87.606437,41.823306],[-87.606859,41.823166]]]}},{"type":"Feature","id":39,"properties":{"community_area_number":39,"community_area_name":"Kenwood","listed_center_count":2,"population_estimate":14371.66,"estimated_population_covered_1km":14185.16,"estimated_population_covered_2km":14371.66,"coverage_percent_1km":98.7,"coverage_percent_2km":100.0,"population_weighted_mean_nearest_distance_m":492.6,"piece_count":13,"population_weighted_metrics":{"RPL_THEMES":0.7223,"EP_NOVEH":31.605,"EP_LIMENG":0.6203,"EP_DISABL":17.0468,"EP_AGE65":18.0796}},"geometry":{"type":"Polygon","coordinates":[[[-87.592153,41.816929],[-87.592014,41.816323],[-87.591456,41.815958],[-87.590891,41.815004],[-87.590398,41.814553],[-87.590346,41.814376],[-87.590517,41.814349],[-87.590036,41.813516],[-87.58913,41.812817],[-87.588626,41.81219],[-87.587337,41.811838],[-87.586934,41.811175],[-87.587037,41.810637],[-87.586925,41.810107],[-87.585158,41.807215],[-87.584524,41.806624],[-87.582898,41.805583],[-87.581269,41.804311],[-87.580666,41.804206],[-87.580115,41.803927],[-87.580017,41.803587],[-87.580448,41.802931],[-87.580289,41.802865],[-87.580377,41.802525],[-87.581048,41.802634],[-87.581648,41.802434],[-87.583824,41.80253],[-87.606407,41.802251],[-87.606708,41.816814],[-87.596883,41.816928],[-87.596463,41.816908],[-87.5964,41.816817],[-87.595261,41.816943],[-87.592153,41.816929]]]}},{"type":"Feature","id":40,"properties":{"community_area_number":40,"community_area_name":"Washington Park","listed_center_count":1,"population_estimate":12364.93,"estimated_population_covered_1km":10942.5,"estimated_population_covered_2km":12364.93,"coverage_percent_1km":88.5,"coverage_percent_2km":100.0,"population_weighted_mean_nearest_distance_m":666.7,"piece_count":17,"population_weighted_metrics":{"RPL_THEMES":0.8421,"EP_NOVEH":42.3846,"EP_LIMENG":0.6241,"EP_DISABL":17.2902,"EP_AGE65":8.318}},"geometry":{"type":"Polygon","coordinates":[[[-87.606037,41.785874],[-87.61576,41.785699],[-87.615622,41.780239],[-87.619992,41.780159],[-87.621063,41.780048],[-87.625375,41.780058],[-87.625404,41.78321],[-87.628263,41.78316],[-87.628798,41.801893],[-87.606407,41.802251],[-87.606037,41.785874]]]}},{"type":"Feature","id":41,"properties":{"community_area_number":41,"community_area_name":"Hyde Park","listed_center_count":0,"population_estimate":24098.88,"estimated_population_covered_1km":16398.44,"estimated_population_covered_2km":24098.88,"coverage_percent_1km":68.05,"coverage_percent_2km":100.0,"population_weighted_mean_nearest_distance_m":860.3,"piece_count":21,"population_weighted_metrics":{"RPL_THEMES":0.5042,"EP_NOVEH":40.1258,"EP_LIMENG":0.6965,"EP_DISABL":10.3114,"EP_AGE65":12.2011}},"geometry":{"type":"Polygon","coordinates":[[[-87.580377,41.802525],[-87.580465,41.800776],[-87.580283,41.799626],[-87.579788,41.798441],[-87.579937,41.798369],[-87.579334,41.797783],[-87.57821,41.797013],[-87.577408,41.796858],[-87.576447,41.797052],[-87.575883,41.796977],[-87.575272,41.796608],[-87.575164,41.79624],[-87.575444,41.79544],[-87.576166,41.795086],[-87.576915,41.795105],[-87.57783,41.794921],[-87.578939,41.794272],[-87.579296,41.793552],[-87.579325,41.792572],[-87.579628,41.792036],[-87.578272,41.789936],[-87.57632,41.78857],[-87.576681,41.788422],[-87.577759,41.788298],[-87.577639,41.788153],[-87.57715,41.788183],[-87.577274,41.788082],[-87.577338,41.787192],[-87.577145,41.786146],[-87.585165,41.785849],[-87.585545,41.786265],[-87.586361,41.786398],[-87.586601,41.786393],[-87.586595,41.786143],[-87.606037,41.785874],[-87.606407,41.802251],[-87.583824,41.80253],[-87.581648,41.802434],[-87.581048,41.802634],[-87.580377,41.802525]]]}},{"type":"Feature","id":42,"properties":{"community_area_number":42,"community_area_name":"Woodlawn","listed_center_count":3,"population_estimate":24444.03,"estimated_population_covered_1km":22771.1,"estimated_population_covered_2km":24444.0,"coverage_percent_1km":93.16,"coverage_percent_2km":100.0,"population_weighted_mean_nearest_distance_m":559.5,"piece_count":23,"population_weighted_metrics":{"RPL_THEMES":0.8362,"EP_NOVEH":36.4976,"EP_LIMENG":0.4945,"EP_DISABL":17.76,"EP_AGE65":11.9719}},"geometry":{"type":"Polygon","coordinates":[[[-87.577145,41.786146],[-87.576046,41.783598],[-87.573101,41.782134],[-87.570497,41.781371],[-87.569683,41.781297],[-87.568397,41.781608],[-87.567644,41.784622],[-87.567532,41.784597],[-87.568306,41.781539],[-87.571282,41.780839],[-87.57308,41.780251],[-87.572954,41.779824],[-87.57411,41.779528],[-87.574735,41.779111],[-87.5751,41.778452],[-87.575303,41.777408],[-87.575134,41.776891],[-87.574608,41.776154],[-87.574697,41.775986],[-87.575079,41.775931],[-87.575043,41.775785],[-87.574216,41.775546],[-87.573476,41.775507],[-87.573367,41.775377],[-87.573216,41.775586],[-87.571998,41.775821],[-87.571773,41.776664],[-87.572315,41.777336],[-87.57245,41.777409],[-87.572646,41.777335],[-87.573361,41.778306],[-87.573365,41.778903],[-87.573214,41.779191],[-87.572665,41.779327],[-87.572238,41.779228],[-87.571823,41.77858],[-87.569898,41.776998],[-87.569189,41.776688],[-87.568559,41.77615],[-87.566826,41.77397],[-87.566448,41.773791],[-87.566811,41.773559],[-87.605769,41.773141],[-87.605587,41.765869],[-87.61545,41.77297],[-87.61576,41.785699],[-87.586595,41.786143],[-87.586601,41.786393],[-87.586361,41.786398],[-87.585545,41.786265],[-87.585165,41.785849],[-87.577145,41.786146]]]}},{"type":"Feature","id":43,"properties":{"community_area_number":43,"community_area_name":"South Shore","listed_center_count":5,"population_estimate":46286.73,"estimated_population_covered_1km":40802.24,"estimated_population_covered_2km":46284.27,"coverage_percent_1km":88.15,"coverage_percent_2km":99.99,"population_weighted_mean_nearest_distance_m":603.0,"piece_count":24,"population_weighted_metrics":{"RPL_THEMES":0.8444,"EP_NOVEH":37.9988,"EP_LIMENG":1.0873,"EP_DISABL":17.4089,"EP_AGE65":15.8488}},"geometry":{"type":"Polygon","coordinates":[[[-87.543762,41.755383],[-87.544946,41.754435],[-87.546563,41.753871],[-87.54774,41.75453],[-87.548707,41.754093],[-87.552287,41.751919],[-87.585824,41.751506],[-87.585821,41.751672],[-87.59563,41.758696],[-87.59538,41.758697],[-87.594582,41.762346],[-87.593324,41.762354],[-87.593299,41.766005],[-87.592282,41.766012],[-87.592394,41.769899],[-87.592741,41.769901],[-87.592752,41.770154],[-87.592099,41.773275],[-87.566811,41.773559],[-87.566448,41.773791],[-87.566294,41.773469],[-87.565652,41.772923],[-87.564073,41.772115],[-87.563581,41.772026],[-87.563276,41.770444],[-87.562338,41.769001],[-87.56154,41.768634],[-87.560527,41.768397],[-87.56017,41.768553],[-87.559536,41.769179],[-87.559392,41.766783],[-87.559563,41.766566],[-87.560181,41.76644],[-87.560516,41.766171],[-87.560623,41.765805],[-87.560514,41.76539],[-87.560122,41.764941],[-87.559842,41.764958],[-87.559602,41.76473],[-87.559517,41.764517],[-87.559742,41.764391],[-87.559439,41.76408],[-87.558979,41.763753],[-87.558456,41.764018],[-87.557572,41.763115],[-87.557701,41.763049],[-87.557602,41.76281],[-87.55687,41.76243],[-87.556079,41.761821],[-87.555593,41.761579],[-87.554802,41.761771],[-87.554033,41.760761],[-87.551069,41.759521],[-87.548709,41.758726],[-87.546937,41.758772],[-87.54551,41.759362],[-87.544319,41.760167],[-87.543853,41.760112],[-87.544417,41.760616],[-87.546444,41.760616],[-87.546477,41.760652],[-87.544365,41.760666],[-87.543041,41.759601],[-87.542548,41.759105],[-87.542627,41.758739],[-87.541649,41.757824],[-87.541148,41.757794],[-87.540597,41.757269],[-87.543762,41.755383]]]}},{"type":"Feature","id":44,"properties":{"community_area_number":44,"community_area_name":"Chatham","listed_center_count":4,"population_estimate":31464.59,"estimated_population_covered_1km":29613.82,"estimated_population_covered_2km":31464.59,"coverage_percent_1km":94.12,"coverage_percent_2km":100.0,"population_weighted_mean_nearest_distance_m":577.7,"piece_count":19,"population_weighted_metrics":{"RPL_THEMES":0.7538,"EP_NOVEH":30.7962,"EP_LIMENG":0.2056,"EP_DISABL":19.0077,"EP_AGE65":18.5531}},"geometry":{"type":"Polygon","coordinates":[[[-87.595347,41.736782],[-87.600394,41.73671],[-87.601161,41.733132],[-87.602019,41.733031],[-87.603273,41.727551],[-87.60293,41.727556],[-87.603354,41.725724],[-87.603062,41.725729],[-87.603585,41.723427],[-87.604507,41.723614],[-87.604492,41.722548],[-87.607234,41.723431],[-87.609372,41.724485],[-87.609391,41.724944],[-87.609609,41.725099],[-87.610656,41.725584],[-87.611584,41.725588],[-87.614273,41.726934],[-87.614301,41.727889],[-87.617346,41.729052],[-87.61919,41.729541],[-87.619177,41.729119],[-87.625671,41.729019],[-87.629151,41.732784],[-87.631161,41.734707],[-87.632721,41.735972],[-87.632661,41.73638],[-87.632585,41.736309],[-87.632512,41.73644],[-87.633523,41.738161],[-87.634008,41.739557],[-87.634108,41.743498],[-87.635946,41.744162],[-87.636477,41.743518],[-87.63919,41.743434],[-87.639066,41.747936],[-87.639097,41.748871],[-87.639485,41.748858],[-87.639369,41.750711],[-87.597208,41.751369],[-87.597383,41.750598],[-87.59708,41.750527],[-87.597834,41.746792],[-87.597281,41.746796],[-87.597614,41.744058],[-87.597875,41.744055],[-87.59785,41.741693],[-87.597486,41.74043],[-87.595347,41.736782]]]}},{"type":"Feature","id":45,"properties":{"community_area_number":45,"community_area_name":"Avalon Park","listed_center_count":2,"population_estimate":9515.36,"estimated_population_covered_1km":9491.99,"estimated_population_covered_2km":9515.36,"coverage_percent_1km":99.75,"coverage_percent_2km":100.0,"population_weighted_mean_nearest_distance_m":420.8,"piece_count":8,"population_weighted_metrics":{"RPL_THEMES":0.78,"EP_NOVEH":23.6182,"EP_LIMENG":0.2182,"EP_DISABL":19.4811,"EP_AGE65":25.3081}},"geometry":{"type":"Polygon","coordinates":[[[-87.585655,41.751502],[-87.584457,41.75069],[-87.565701,41.737198],[-87.595347,41.736782],[-87.597486,41.74043],[-87.597882,41.742144],[-87.597875,41.744055],[-87.597614,41.744058],[-87.597281,41.746796],[-87.597834,41.746792],[-87.59708,41.750527],[-87.597383,41.750598],[-87.597208,41.751369],[-87.595491,41.751387],[-87.595596,41.755032],[-87.596216,41.755026],[-87.595798,41.756858],[-87.593062,41.756882],[-87.585821,41.751672],[-87.585824,41.751506],[-87.585655,41.751502]]]}},{"type":"Feature","id":46,"properties":{"community_area_number":46,"community_area_name":"South Chicago","listed_center_count":4,"population_estimate":29078.68,"estimated_population_covered_1km":20620.06,"estimated_population_covered_2km":29069.41,"coverage_percent_1km":70.91,"coverage_percent_2km":99.97,"population_weighted_mean_nearest_distance_m":786.7,"piece_count":15,"population_weighted_metrics":{"RPL_THEMES":0.8117,"EP_NOVEH":30.2993,"EP_LIMENG":4.963,"EP_DISABL":11.9397,"EP_AGE65":15.1786}},"geometry":{"type":"Polygon","coordinates":[[[-87.543978,41.755152],[-87.544413,41.754132],[-87.543716,41.752534],[-87.543188,41.751989],[-87.54049,41.751864],[-87.532082,41.748592],[-87.530948,41.748026],[-87.530035,41.74176],[-87.529879,41.741479],[-87.529496,41.741398],[-87.524462,41.741469],[-87.524463,41.741386],[-87.529887,41.741329],[-87.530687,41.741117],[-87.539855,41.741013],[-87.53983,41.740497],[-87.529857,41.740607],[-87.528958,41.733748],[-87.529251,41.733014],[-87.539414,41.728794],[-87.540422,41.728282],[-87.541902,41.727136],[-87.542252,41.726579],[-87.542997,41.724028],[-87.543144,41.722862],[-87.545677,41.722821],[-87.585655,41.751502],[-87.552287,41.751919],[-87.548707,41.754093],[-87.54774,41.75453],[-87.546563,41.753871],[-87.544946,41.754435],[-87.543978,41.755152]]]}},{"type":"Feature","id":47,"properties":{"community_area_number":47,"community_area_name":"Burnside","listed_center_count":1,"population_estimate":2234.92,"estimated_population_covered_1km":2026.76,"estimated_population_covered_2km":2234.92,"coverage_percent_1km":90.69,"coverage_percent_2km":100.0,"population_weighted_mean_nearest_distance_m":604.6,"piece_count":8,"population_weighted_metrics":{"RPL_THEMES":0.8689,"EP_NOVEH":38.6609,"EP_LIMENG":0.1021,"EP_DISABL":24.5737,"EP_AGE65":24.3756}},"geometry":{"type":"Polygon","coordinates":[[[-87.587374,41.723256],[-87.586704,41.722322],[-87.604482,41.722044],[-87.604507,41.723614],[-87.603585,41.723427],[-87.603062,41.725729],[-87.603354,41.725724],[-87.60293,41.727556],[-87.603273,41.727551],[-87.602019,41.733031],[-87.601161,41.733132],[-87.600394,41.73671],[-87.595347,41.736782],[-87.59296,41.733366],[-87.588783,41.726334],[-87.587374,41.723256]]]}},{"type":"Feature","id":48,"properties":{"community_area_number":48,"community_area_name":"Calumet Heights","listed_center_count":2,"population_estimate":12084.29,"estimated_population_covered_1km":8668.01,"estimated_population_covered_2km":12084.29,"coverage_percent_1km":71.73,"coverage_percent_2km":100.0,"population_weighted_mean_nearest_distance_m":632.7,"piece_count":14,"population_weighted_metrics":{"RPL_THEMES":0.5403,"EP_NOVEH":19.4609,"EP_LIMENG":0.4374,"EP_DISABL":16.3828,"EP_AGE65":28.2512}},"geometry":{"type":"Polygon","coordinates":[[[-87.545677,41.722821],[-87.565589,41.722589],[-87.565631,41.723888],[-87.568585,41.72356],[-87.587374,41.723256],[-87.588783,41.726334],[-87.59296,41.733366],[-87.595347,41.736782],[-87.565701,41.737198],[-87.545677,41.722821]]]}},{"type":"Feature","id":49,"properties":{"community_area_number":49,"community_area_name":"Roseland","listed_center_count":7,"population_estimate":37731.28,"estimated_population_covered_1km":29197.34,"estimated_population_covered_2km":37731.28,"coverage_percent_1km":77.38,"coverage_percent_2km":100.0,"population_weighted_mean_nearest_distance_m":723.5,"piece_count":29,"population_weighted_metrics":{"RPL_THEMES":0.7879,"EP_NOVEH":25.9986,"EP_LIMENG":0.1613,"EP_DISABL":18.4101,"EP_AGE65":17.6634}},"geometry":{"type":"Polygon","coordinates":[[[-87.604492,41.722548],[-87.604482,41.722044],[-87.603182,41.722048],[-87.611351,41.686246],[-87.611395,41.685442],[-87.642152,41.685082],[-87.642834,41.706917],[-87.633133,41.707043],[-87.633742,41.729921],[-87.634128,41.735942],[-87.63381,41.735948],[-87.633883,41.738207],[-87.634081,41.739145],[-87.633963,41.739474],[-87.633572,41.738263],[-87.632512,41.73644],[-87.632585,41.736309],[-87.632661,41.73638],[-87.632721,41.735972],[-87.631161,41.734707],[-87.629151,41.732784],[-87.625671,41.729019],[-87.619177,41.729119],[-87.61919,41.729541],[-87.617346,41.729052],[-87.614301,41.727889],[-87.614273,41.726934],[-87.611584,41.725588],[-87.610656,41.725584],[-87.609609,41.725099],[-87.609391,41.724944],[-87.609372,41.724485],[-87.607234,41.723431],[-87.604492,41.722548]]]}},{"type":"Feature","id":50,"properties":{"community_area_number":50,"community_area_name":"Pullman","listed_center_count":2,"population_estimate":6900.68,"estimated_population_covered_1km":5961.4,"estimated_population_covered_2km":6900.68,"coverage_percent_1km":86.39,"coverage_percent_2km":100.0,"population_weighted_mean_nearest_distance_m":602.0,"piece_count":12,"population_weighted_metrics":{"RPL_THEMES":0.5011,"EP_NOVEH":16.9367,"EP_LIMENG":1.2868,"EP_DISABL":12.7996,"EP_AGE65":17.3074}},"geometry":{"type":"Polygon","coordinates":[[[-87.60157,41.686209],[-87.60258,41.686117],[-87.604417,41.685512],[-87.611395,41.685442],[-87.611439,41.685725],[-87.603182,41.722048],[-87.586704,41.722322],[-87.584963,41.720685],[-87.584628,41.71125],[-87.585086,41.709013],[-87.585746,41.707774],[-87.5873,41.707747],[-87.587413,41.706908],[-87.588143,41.705112],[-87.592054,41.701561],[-87.594366,41.698976],[-87.596167,41.696318],[-87.60157,41.686209]]]}},{"type":"Feature","id":51,"properties":{"community_area_number":51,"community_area_name":"South Deering","listed_center_count":4,"population_estimate":15226.43,"estimated_population_covered_1km":10855.06,"estimated_population_covered_2km":14567.38,"coverage_percent_1km":71.29,"coverage_percent_2km":95.67,"population_weighted_mean_nearest_distance_m":1064.4,"piece_count":18,"population_weighted_metrics":{"RPL_THEMES":0.8118,"EP_NOVEH":23.8776,"EP_LIMENG":4.9217,"EP_DISABL":14.3576,"EP_AGE65":17.3524}},"geometry":{"type":"Polygon","coordinates":[[[-87.565589,41.722589],[-87.543144,41.722862],[-87.542692,41.720816],[-87.542974,41.71969],[-87.543153,41.717941],[-87.54303,41.717148],[-87.54242,41.716439],[-87.54218,41.715643],[-87.542211,41.714622],[-87.542533,41.713522],[-87.542726,41.710754],[-87.543641,41.709404],[-87.545266,41.708142],[-87.545856,41.707333],[-87.545876,41.705612],[-87.545629,41.70464],[-87.545623,41.70393],[-87.545905,41.702767],[-87.543796,41.702763],[-87.544977,41.701088],[-87.545205,41.70031],[-87.544919,41.673184],[-87.545105,41.672193],[-87.546215,41.669417],[-87.546452,41.668136],[-87.54471,41.659222],[-87.550411,41.662411],[-87.55202,41.663464],[-87.553196,41.664872],[-87.556597,41.669969],[-87.557052,41.66966],[-87.557399,41.669586],[-87.558175,41.668934],[-87.558826,41.66901],[-87.559259,41.668652],[-87.559286,41.659189],[-87.581589,41.659222],[-87.583,41.65941],[-87.58605,41.660269],[-87.589,41.660392],[-87.59172,41.66353],[-87.592124,41.663709],[-87.600119,41.673001],[-87.601026,41.674343],[-87.601544,41.675667],[-87.601723,41.676727],[-87.601936,41.684742],[-87.601645,41.686036],[-87.600694,41.687961],[-87.596167,41.696318],[-87.594366,41.698976],[-87.592054,41.701561],[-87.588143,41.705112],[-87.587413,41.706908],[-87.5873,41.707747],[-87.585746,41.707774],[-87.585086,41.709013],[-87.584628,41.71125],[-87.584963,41.720685],[-87.586652,41.722257],[-87.587374,41.723256],[-87.568585,41.72356],[-87.565631,41.723888],[-87.565589,41.722589]]]}},{"type":"Feature","id":52,"properties":{"community_area_number":52,"community_area_name":"East Side","listed_center_count":5,"population_estimate":23659.35,"estimated_population_covered_1km":19928.33,"estimated_population_covered_2km":23659.35,"coverage_percent_1km":84.23,"coverage_percent_2km":100.0,"population_weighted_mean_nearest_distance_m":640.7,"piece_count":12,"population_weighted_metrics":{"RPL_THEMES":0.7177,"EP_NOVEH":9.3511,"EP_LIMENG":11.1771,"EP_DISABL":8.8931,"EP_AGE65":10.4892}},"geometry":{"type":"Polygon","coordinates":[[[-87.52462,41.691801],[-87.530364,41.691826],[-87.530414,41.684566],[-87.54013,41.684507],[-87.540117,41.682776],[-87.545078,41.68277],[-87.545205,41.70031],[-87.544977,41.701088],[-87.543796,41.702763],[-87.545905,41.702767],[-87.545623,41.70393],[-87.545629,41.70464],[-87.545876,41.705612],[-87.545856,41.707333],[-87.545266,41.708142],[-87.543641,41.709404],[-87.542674,41.71095],[-87.542533,41.713522],[-87.542211,41.714622],[-87.54218,41.715643],[-87.54242,41.716439],[-87.54303,41.717148],[-87.543153,41.717941],[-87.542974,41.71969],[-87.542692,41.720816],[-87.543177,41.723126],[-87.542252,41.726579],[-87.541902,41.727136],[-87.541399,41.727586],[-87.540422,41.728282],[-87.539414,41.728794],[-87.529251,41.733014],[-87.529495,41.732367],[-87.529135,41.732087],[-87.525263,41.731531],[-87.524949,41.731408],[-87.524688,41.731093],[-87.524467,41.721898],[-87.525003,41.721523],[-87.5247,41.721254],[-87.524818,41.721179],[-87.525093,41.721415],[-87.525408,41.72092],[-87.525081,41.720848],[-87.525136,41.72073],[-87.525454,41.720797],[-87.525485,41.720722],[-87.525609,41.719436],[-87.525294,41.718487],[-87.524905,41.71805],[-87.524505,41.717988],[-87.524468,41.717403],[-87.525813,41.717331],[-87.526421,41.717114],[-87.526605,41.717236],[-87.526519,41.717085],[-87.526797,41.716991],[-87.526791,41.716882],[-87.526989,41.71695],[-87.527301,41.716825],[-87.528194,41.716224],[-87.528641,41.715744],[-87.528704,41.715423],[-87.528563,41.714869],[-87.527712,41.713422],[-87.526486,41.712355],[-87.525167,41.713327],[-87.528408,41.710803],[-87.527204,41.710032],[-87.526648,41.709849],[-87.526243,41.70982],[-87.5259,41.710145],[-87.525997,41.71035],[-87.52575,41.710411],[-87.525471,41.710129],[-87.52414,41.70936],[-87.524452,41.709253],[-87.52476,41.709334],[-87.525123,41.709735],[-87.525258,41.709713],[-87.52553,41.709937],[-87.52622,41.709539],[-87.525769,41.709157],[-87.525261,41.709473],[-87.52513,41.709344],[-87.525679,41.709085],[-87.525374,41.708827],[-87.524862,41.709153],[-87.524784,41.709081],[-87.525019,41.708915],[-87.524942,41.708727],[-87.524535,41.708482],[-87.52462,41.691801]]]}},{"type":"Feature","id":53,"properties":{"community_area_number":53,"community_area_name":"West Pullman","listed_center_count":3,"population_estimate":25162.55,"estimated_population_covered_1km":17460.54,"estimated_population_covered_2km":25162.55,"coverage_percent_1km":69.39,"coverage_percent_2km":100.0,"population_weighted_mean_nearest_distance_m":754.1,"piece_count":18,"population_weighted_metrics":{"RPL_THEMES":0.7921,"EP_NOVEH":23.8234,"EP_LIMENG":1.362,"EP_DISABL":17.2665,"EP_AGE65":16.6968}},"geometry":{"type":"Polygon","coordinates":[[[-87.618281,41.659107],[-87.619684,41.659062],[-87.619386,41.660061],[-87.619512,41.660787],[-87.619857,41.661141],[-87.622024,41.66213],[-87.622035,41.662414],[-87.623286,41.662397],[-87.623997,41.662237],[-87.624423,41.662259],[-87.626274,41.661662],[-87.627772,41.660572],[-87.629147,41.659317],[-87.63076,41.658274],[-87.630819,41.657958],[-87.631075,41.657833],[-87.631255,41.657819],[-87.63139,41.657997],[-87.632327,41.657876],[-87.632274,41.657803],[-87.633004,41.657527],[-87.63556,41.657345],[-87.638561,41.657712],[-87.64105,41.657774],[-87.641062,41.658096],[-87.641428,41.658094],[-87.641416,41.657771],[-87.645911,41.65778],[-87.646988,41.65763],[-87.647217,41.663159],[-87.641421,41.663245],[-87.641665,41.67054],[-87.658287,41.670288],[-87.66115,41.670335],[-87.661599,41.68482],[-87.612279,41.685434],[-87.618281,41.659107]]]}},{"type":"Feature","id":54,"properties":{"community_area_number":54,"community_area_name":"Riverdale","listed_center_count":2,"population_estimate":7776.81,"estimated_population_covered_1km":3853.33,"estimated_population_covered_2km":7737.64,"coverage_percent_1km":49.55,"coverage_percent_2km":99.5,"population_weighted_mean_nearest_distance_m":923.6,"piece_count":12,"population_weighted_metrics":{"RPL_THEMES":0.8344,"EP_NOVEH":37.7656,"EP_LIMENG":0.0125,"EP_DISABL":8.1945,"EP_AGE65":5.5467}},"geometry":{"type":"Polygon","coordinates":[[[-87.60157,41.686209],[-87.601936,41.684742],[-87.601733,41.676896],[-87.601544,41.675667],[-87.600908,41.674128],[-87.600119,41.673001],[-87.592124,41.663709],[-87.591635,41.663435],[-87.580559,41.65052],[-87.579638,41.649144],[-87.578878,41.64738],[-87.578377,41.644695],[-87.617216,41.644584],[-87.61723,41.650276],[-87.620316,41.650886],[-87.619249,41.653133],[-87.618482,41.655553],[-87.61771,41.659105],[-87.618281,41.659107],[-87.612279,41.685434],[-87.604417,41.685512],[-87.60258,41.686117],[-87.60157,41.686209]]]}},{"type":"Feature","id":55,"properties":{"community_area_number":55,"community_area_name":"Hegewisch","listed_center_count":2,"population_estimate":8941.36,"estimated_population_covered_1km":3149.72,"estimated_population_covered_2km":8359.42,"coverage_percent_1km":35.23,"coverage_percent_2km":93.49,"population_weighted_mean_nearest_distance_m":1429.0,"piece_count":7,"population_weighted_metrics":{"RPL_THEMES":0.7498,"EP_NOVEH":12.5108,"EP_LIMENG":6.6155,"EP_DISABL":7.177,"EP_AGE65":17.1672}},"geometry":{"type":"Polygon","coordinates":[[[-87.52462,41.691801],[-87.525166,41.644543],[-87.578377,41.644695],[-87.578834,41.647248],[-87.579792,41.649405],[-87.580811,41.650837],[-87.589,41.660392],[-87.58605,41.660269],[-87.583,41.65941],[-87.581589,41.659222],[-87.559286,41.659189],[-87.559259,41.668652],[-87.558826,41.66901],[-87.558175,41.668934],[-87.557399,41.669586],[-87.557052,41.66966],[-87.556597,41.669969],[-87.553196,41.664872],[-87.55202,41.663464],[-87.550411,41.662411],[-87.54471,41.659222],[-87.546452,41.668136],[-87.546215,41.669417],[-87.545105,41.672193],[-87.544919,41.673184],[-87.545078,41.68277],[-87.540117,41.682776],[-87.54013,41.684507],[-87.530414,41.684566],[-87.530364,41.691826],[-87.52462,41.691801]]]}},{"type":"Feature","id":56,"properties":{"community_area_number":56,"community_area_name":"Garfield Ridge","listed_center_count":6,"population_estimate":36330.35,"estimated_population_covered_1km":29069.47,"estimated_population_covered_2km":36330.35,"coverage_percent_1km":80.01,"coverage_percent_2km":100.0,"population_weighted_mean_nearest_distance_m":684.0,"piece_count":21,"population_weighted_metrics":{"RPL_THEMES":0.4746,"EP_NOVEH":8.0028,"EP_LIMENG":9.3707,"EP_DISABL":11.2566,"EP_AGE65":16.5537}},"geometry":{"type":"Polygon","coordinates":[[[-87.738649,41.822118],[-87.737623,41.785783],[-87.801216,41.784688],[-87.801626,41.797995],[-87.797187,41.799402],[-87.752736,41.800187],[-87.753077,41.81331],[-87.744655,41.815963],[-87.744763,41.822032],[-87.738649,41.822118]]]}},{"type":"Feature","id":57,"properties":{"community_area_number":57,"community_area_name":"Archer Heights","listed_center_count":2,"population_estimate":13949.26,"estimated_population_covered_1km":12656.1,"estimated_population_covered_2km":13949.26,"coverage_percent_1km":90.73,"coverage_percent_2km":100.0,"population_weighted_mean_nearest_distance_m":508.2,"piece_count":14,"population_weighted_metrics":{"RPL_THEMES":0.7122,"EP_NOVEH":23.1133,"EP_LIMENG":17.3519,"EP_DISABL":6.141,"EP_AGE65":14.8177}},"geometry":{"type":"Polygon","coordinates":[[[-87.714374,41.826321],[-87.713789,41.806023],[-87.714028,41.805155],[-87.714369,41.804585],[-87.715228,41.803755],[-87.719429,41.80212],[-87.722967,41.800553],[-87.723373,41.800546],[-87.723365,41.800223],[-87.728208,41.79831],[-87.728168,41.796831],[-87.735512,41.796755],[-87.735412,41.795464],[-87.736448,41.795313],[-87.737905,41.79529],[-87.738557,41.818706],[-87.714374,41.826321]]]}},{"type":"Feature","id":58,"properties":{"community_area_number":58,"community_area_name":"Brighton Park","listed_center_count":1,"population_estimate":42397.12,"estimated_population_covered_1km":23184.21,"estimated_population_covered_2km":42397.12,"coverage_percent_1km":54.68,"coverage_percent_2km":100.0,"population_weighted_mean_nearest_distance_m":904.5,"piece_count":20,"population_weighted_metrics":{"RPL_THEMES":0.804,"EP_NOVEH":15.308,"EP_LIMENG":22.0626,"EP_DISABL":9.9448,"EP_AGE65":10.4784}},"geometry":{"type":"Polygon","coordinates":[[[-87.68424,41.823],[-87.683874,41.808417],[-87.684425,41.808426],[-87.684368,41.804555],[-87.694095,41.804409],[-87.694102,41.804644],[-87.70387,41.804483],[-87.703863,41.804218],[-87.710866,41.80415],[-87.713776,41.803928],[-87.714369,41.826041],[-87.704578,41.829116],[-87.704607,41.829798],[-87.700383,41.830917],[-87.696615,41.832195],[-87.696358,41.831995],[-87.687399,41.834801],[-87.687358,41.826622],[-87.686859,41.826649],[-87.686597,41.82595],[-87.68611,41.825226],[-87.686668,41.824886],[-87.68613,41.824314],[-87.68608,41.822956],[-87.68424,41.823]]]}},{"type":"Feature","id":59,"properties":{"community_area_number":59,"community_area_name":"Mckinley Park","listed_center_count":2,"population_estimate":15483.22,"estimated_population_covered_1km":13916.27,"estimated_population_covered_2km":15483.22,"coverage_percent_1km":89.88,"coverage_percent_2km":100.0,"population_weighted_mean_nearest_distance_m":637.0,"piece_count":13,"population_weighted_metrics":{"RPL_THEMES":0.7242,"EP_NOVEH":11.9808,"EP_LIMENG":18.972,"EP_DISABL":11.8623,"EP_AGE65":11.7941}},"geometry":{"type":"Polygon","coordinates":[[[-87.656112,41.823314],[-87.68608,41.822956],[-87.68613,41.824314],[-87.686668,41.824886],[-87.68611,41.825226],[-87.686597,41.82595],[-87.686859,41.826649],[-87.687358,41.826622],[-87.687399,41.834801],[-87.681438,41.836681],[-87.679661,41.837102],[-87.670562,41.837347],[-87.670561,41.837136],[-87.670044,41.837142],[-87.668243,41.837322],[-87.666506,41.837861],[-87.664285,41.839065],[-87.66344,41.837805],[-87.663078,41.836823],[-87.662487,41.836141],[-87.661287,41.834863],[-87.660354,41.83437],[-87.65743,41.831197],[-87.657565,41.828226],[-87.657137,41.824037],[-87.656112,41.823314]]]}},{"type":"Feature","id":60,"properties":{"community_area_number":60,"community_area_name":"Bridgeport","listed_center_count":4,"population_estimate":33088.05,"estimated_population_covered_1km":32813.15,"estimated_population_covered_2km":33088.05,"coverage_percent_1km":99.17,"coverage_percent_2km":100.0,"population_weighted_mean_nearest_distance_m":531.9,"piece_count":19,"population_weighted_metrics":{"RPL_THEMES":0.6036,"EP_NOVEH":17.9804,"EP_LIMENG":17.1646,"EP_DISABL":10.7654,"EP_AGE65":15.6043}},"geometry":{"type":"Polygon","coordinates":[[[-87.633964,41.823613],[-87.656112,41.823314],[-87.657137,41.824037],[-87.657565,41.828226],[-87.65743,41.831197],[-87.660354,41.83437],[-87.661287,41.834863],[-87.663078,41.836823],[-87.66344,41.837805],[-87.664538,41.839555],[-87.664542,41.84066],[-87.664969,41.841619],[-87.66431,41.842801],[-87.663778,41.844292],[-87.660773,41.845839],[-87.66072,41.845716],[-87.658605,41.847265],[-87.657505,41.847166],[-87.651003,41.848306],[-87.649637,41.848396],[-87.64585,41.849384],[-87.643999,41.849505],[-87.643233,41.848522],[-87.642248,41.848926],[-87.641624,41.848193],[-87.641628,41.848119],[-87.642426,41.84811],[-87.641727,41.847283],[-87.64185,41.847111],[-87.6416,41.846301],[-87.639525,41.846374],[-87.638358,41.846183],[-87.638291,41.843617],[-87.636512,41.843643],[-87.636431,41.836354],[-87.635932,41.83636],[-87.63589,41.834535],[-87.636532,41.834526],[-87.636576,41.834147],[-87.636404,41.827231],[-87.636203,41.827233],[-87.636064,41.82521],[-87.633964,41.823613]]]}},{"type":"Feature","id":61,"properties":{"community_area_number":61,"community_area_name":"New City","listed_center_count":10,"population_estimate":40852.3,"estimated_population_covered_1km":38981.11,"estimated_population_covered_2km":40852.3,"coverage_percent_1km":95.42,"coverage_percent_2km":100.0,"population_weighted_mean_nearest_distance_m":497.3,"piece_count":34,"population_weighted_metrics":{"RPL_THEMES":0.879,"EP_NOVEH":24.2027,"EP_LIMENG":16.8024,"EP_DISABL":11.9079,"EP_AGE65":12.3622}},"geometry":{"type":"Polygon","coordinates":[[[-87.635457,41.794476],[-87.678815,41.793868],[-87.679413,41.797034],[-87.679549,41.802498],[-87.679407,41.804853],[-87.684372,41.804722],[-87.684425,41.808426],[-87.683874,41.808417],[-87.68424,41.823],[-87.659976,41.823208],[-87.636118,41.823586],[-87.636036,41.818152],[-87.635888,41.818154],[-87.635716,41.816353],[-87.636162,41.816347],[-87.63616,41.812213],[-87.63638,41.810908],[-87.635862,41.810918],[-87.635774,41.809047],[-87.635918,41.809044],[-87.635914,41.808895],[-87.635457,41.794476]]]}},{"type":"Feature","id":62,"properties":{"community_area_number":62,"community_area_name":"West Elsdon","listed_center_count":1,"population_estimate":18217.99,"estimated_population_covered_1km":17511.41,"estimated_population_covered_2km":18217.99,"coverage_percent_1km":96.12,"coverage_percent_2km":100.0,"population_weighted_mean_nearest_distance_m":621.3,"piece_count":11,"population_weighted_metrics":{"RPL_THEMES":0.7964,"EP_NOVEH":13.0082,"EP_LIMENG":15.0236,"EP_DISABL":9.2136,"EP_AGE65":13.6478}},"geometry":{"type":"Polygon","coordinates":[[[-87.713789,41.806023],[-87.713706,41.800813],[-87.713498,41.80069],[-87.713614,41.800688],[-87.713276,41.789731],[-87.713473,41.789722],[-87.713375,41.786089],[-87.737623,41.785783],[-87.737905,41.79529],[-87.736448,41.795313],[-87.735412,41.795464],[-87.735512,41.796755],[-87.728168,41.796831],[-87.728208,41.79831],[-87.723365,41.800223],[-87.723373,41.800546],[-87.722967,41.800553],[-87.719429,41.80212],[-87.715228,41.803755],[-87.714189,41.80484],[-87.713789,41.806023]]]}},{"type":"Feature","id":63,"properties":{"community_area_number":63,"community_area_name":"Gage Park","listed_center_count":2,"population_estimate":34719.75,"estimated_population_covered_1km":31594.01,"estimated_population_covered_2km":34719.75,"coverage_percent_1km":91.0,"coverage_percent_2km":100.0,"population_weighted_mean_nearest_distance_m":571.6,"piece_count":15,"population_weighted_metrics":{"RPL_THEMES":0.901,"EP_NOVEH":20.3367,"EP_LIMENG":19.0293,"EP_DISABL":9.2622,"EP_AGE65":12.4939}},"geometry":{"type":"Polygon","coordinates":[[[-87.679413,41.797034],[-87.678806,41.7935],[-87.679372,41.793494],[-87.679663,41.789707],[-87.679672,41.786557],[-87.713375,41.786089],[-87.713473,41.789722],[-87.713276,41.789731],[-87.713614,41.800688],[-87.713498,41.80069],[-87.713706,41.800813],[-87.713776,41.803928],[-87.710866,41.80415],[-87.703863,41.804218],[-87.70387,41.804483],[-87.694102,41.804644],[-87.694095,41.804409],[-87.684368,41.804555],[-87.684372,41.804722],[-87.683761,41.804797],[-87.679407,41.804853],[-87.679549,41.802498],[-87.679413,41.797034]]]}},{"type":"Feature","id":64,"properties":{"community_area_number":64,"community_area_name":"Clearing","listed_center_count":2,"population_estimate":24768.42,"estimated_population_covered_1km":16023.01,"estimated_population_covered_2km":24768.42,"coverage_percent_1km":64.69,"coverage_percent_2km":100.0,"population_weighted_mean_nearest_distance_m":823.4,"piece_count":15,"population_weighted_metrics":{"RPL_THEMES":0.5636,"EP_NOVEH":8.1158,"EP_LIMENG":8.6057,"EP_DISABL":8.6628,"EP_AGE65":13.0558}},"geometry":{"type":"Polygon","coordinates":[[[-87.737623,41.785783],[-87.737176,41.771202],[-87.742055,41.771129],[-87.742165,41.77478],[-87.800806,41.773697],[-87.801216,41.784688],[-87.737623,41.785783]]]}},{"type":"Feature","id":65,"properties":{"community_area_number":65,"community_area_name":"West Lawn","listed_center_count":4,"population_estimate":32485.91,"estimated_population_covered_1km":27507.68,"estimated_population_covered_2km":32485.91,"coverage_percent_1km":84.68,"coverage_percent_2km":100.0,"population_weighted_mean_nearest_distance_m":668.7,"piece_count":15,"population_weighted_metrics":{"RPL_THEMES":0.7959,"EP_NOVEH":11.4208,"EP_LIMENG":13.6298,"EP_DISABL":8.1902,"EP_AGE65":11.9705}},"geometry":{"type":"Polygon","coordinates":[[[-87.712548,41.757337],[-87.713632,41.757645],[-87.716222,41.758886],[-87.716226,41.758776],[-87.718345,41.759625],[-87.721298,41.761113],[-87.722287,41.76147],[-87.722036,41.753374],[-87.73213,41.753165],[-87.732329,41.753321],[-87.736582,41.753041],[-87.736582,41.753164],[-87.739119,41.753118],[-87.741496,41.753292],[-87.742055,41.771129],[-87.737176,41.771202],[-87.737623,41.785783],[-87.712897,41.786097],[-87.712726,41.778832],[-87.712945,41.77883],[-87.712432,41.760596],[-87.712548,41.757337]]]}},{"type":"Feature","id":66,"properties":{"community_area_number":66,"community_area_name":"Chicago Lawn","listed_center_count":5,"population_estimate":52335.95,"estimated_population_covered_1km":32459.98,"estimated_population_covered_2km":52335.95,"coverage_percent_1km":62.02,"coverage_percent_2km":100.0,"population_weighted_mean_nearest_distance_m":838.4,"piece_count":21,"population_weighted_metrics":{"RPL_THEMES":0.8731,"EP_NOVEH":23.5515,"EP_LIMENG":12.9755,"EP_DISABL":11.8405,"EP_AGE65":13.8445}},"geometry":{"type":"Polygon","coordinates":[[[-87.678151,41.75766],[-87.707447,41.757134],[-87.707432,41.757259],[-87.711005,41.757168],[-87.712548,41.757337],[-87.712432,41.760596],[-87.712945,41.77883],[-87.712726,41.778832],[-87.712897,41.786097],[-87.679123,41.786564],[-87.678975,41.781046],[-87.678485,41.779247],[-87.678816,41.775966],[-87.678808,41.775641],[-87.678557,41.775644],[-87.67835,41.772019],[-87.678715,41.772015],[-87.67862,41.768385],[-87.678356,41.768388],[-87.678451,41.766733],[-87.678351,41.765933],[-87.67854,41.763845],[-87.678151,41.75766]]]}},{"type":"Feature","id":67,"properties":{"community_area_number":67,"community_area_name":"West Englewood","listed_center_count":4,"population_estimate":25972.03,"estimated_population_covered_1km":19547.21,"estimated_population_covered_2km":25972.03,"coverage_percent_1km":75.26,"coverage_percent_2km":100.0,"population_weighted_mean_nearest_distance_m":700.2,"piece_count":32,"population_weighted_metrics":{"RPL_THEMES":0.8745,"EP_NOVEH":31.2321,"EP_LIMENG":4.0306,"EP_DISABL":18.4294,"EP_AGE65":19.2238}},"geometry":{"type":"Polygon","coordinates":[[[-87.654874,41.794172],[-87.653931,41.757928],[-87.665475,41.757674],[-87.669697,41.757631],[-87.669692,41.757784],[-87.678151,41.75766],[-87.67854,41.763845],[-87.678351,41.765933],[-87.678451,41.766733],[-87.678356,41.768388],[-87.67862,41.768385],[-87.678715,41.772015],[-87.67835,41.772019],[-87.678557,41.775644],[-87.678808,41.775641],[-87.678816,41.775966],[-87.678485,41.779247],[-87.678975,41.781046],[-87.679123,41.786564],[-87.679672,41.786557],[-87.679663,41.789707],[-87.679372,41.793494],[-87.678806,41.7935],[-87.678815,41.793868],[-87.654874,41.794172]]]}},{"type":"Feature","id":68,"properties":{"community_area_number":68,"community_area_name":"Englewood","listed_center_count":6,"population_estimate":21341.75,"estimated_population_covered_1km":21180.28,"estimated_population_covered_2km":21341.75,"coverage_percent_1km":99.24,"coverage_percent_2km":100.0,"population_weighted_mean_nearest_distance_m":556.1,"piece_count":25,"population_weighted_metrics":{"RPL_THEMES":0.8686,"EP_NOVEH":43.3834,"EP_LIMENG":0.7583,"EP_DISABL":23.5917,"EP_AGE65":15.3175}},"geometry":{"type":"Polygon","coordinates":[[[-87.628263,41.78316],[-87.62897,41.783147],[-87.628889,41.780304],[-87.628543,41.780005],[-87.63015,41.779987],[-87.629955,41.772709],[-87.631039,41.772695],[-87.631253,41.771393],[-87.631359,41.769057],[-87.633546,41.769015],[-87.633537,41.767194],[-87.634712,41.767171],[-87.634643,41.76428],[-87.634843,41.763603],[-87.634432,41.763421],[-87.63461,41.762996],[-87.63453,41.7599],[-87.635747,41.75988],[-87.635702,41.758058],[-87.639274,41.757979],[-87.639335,41.756157],[-87.644084,41.756077],[-87.644184,41.756088],[-87.644235,41.758144],[-87.653933,41.757999],[-87.654874,41.794172],[-87.628555,41.794599],[-87.628263,41.78316]]]}},{"type":"Feature","id":69,"properties":{"community_area_number":69,"community_area_name":"Greater Grand Crossing","listed_center_count":3,"population_estimate":29063.35,"estimated_population_covered_1km":25196.86,"estimated_population_covered_2km":29063.35,"coverage_percent_1km":86.7,"coverage_percent_2km":100.0,"population_weighted_mean_nearest_distance_m":676.9,"piece_count":31,"population_weighted_metrics":{"RPL_THEMES":0.8681,"EP_NOVEH":36.9407,"EP_LIMENG":0.499,"EP_DISABL":20.4468,"EP_AGE65":17.2731}},"geometry":{"type":"Polygon","coordinates":[[[-87.615622,41.780239],[-87.61545,41.77297],[-87.605587,41.765869],[-87.605769,41.773141],[-87.592099,41.773275],[-87.592752,41.770154],[-87.592741,41.769901],[-87.592394,41.769899],[-87.592282,41.766012],[-87.593299,41.766005],[-87.593324,41.762354],[-87.594582,41.762346],[-87.59538,41.758697],[-87.59563,41.758696],[-87.593062,41.756882],[-87.595798,41.756858],[-87.596216,41.755026],[-87.595596,41.755032],[-87.595491,41.751387],[-87.639759,41.750705],[-87.6399,41.756146],[-87.639335,41.756157],[-87.639274,41.757979],[-87.635702,41.758058],[-87.635747,41.75988],[-87.63453,41.7599],[-87.63461,41.762996],[-87.634432,41.763421],[-87.634843,41.763603],[-87.634643,41.76428],[-87.634712,41.767171],[-87.633537,41.767194],[-87.633546,41.769015],[-87.631359,41.769057],[-87.631253,41.771393],[-87.631039,41.772695],[-87.629955,41.772709],[-87.63015,41.779987],[-87.628543,41.780005],[-87.628889,41.780304],[-87.62897,41.783147],[-87.625404,41.78321],[-87.625375,41.780058],[-87.621063,41.780048],[-87.619992,41.780159],[-87.615622,41.780239]]]}},{"type":"Feature","id":70,"properties":{"community_area_number":70,"community_area_name":"Ashburn","listed_center_count":6,"population_estimate":42927.77,"estimated_population_covered_1km":32428.85,"estimated_population_covered_2km":42927.77,"coverage_percent_1km":75.54,"coverage_percent_2km":100.0,"population_weighted_mean_nearest_distance_m":785.3,"piece_count":19,"population_weighted_metrics":{"RPL_THEMES":0.7352,"EP_NOVEH":7.6184,"EP_LIMENG":6.359,"EP_DISABL":11.5221,"EP_AGE65":13.2006}},"geometry":{"type":"Polygon","coordinates":[[[-87.712548,41.757337],[-87.711005,41.757168],[-87.707432,41.757259],[-87.707447,41.757134],[-87.678588,41.757653],[-87.678388,41.754791],[-87.678242,41.747447],[-87.678118,41.747273],[-87.678114,41.744296],[-87.67789,41.742543],[-87.676889,41.740111],[-87.675299,41.738675],[-87.673015,41.735944],[-87.672791,41.735898],[-87.672785,41.735654],[-87.741067,41.734524],[-87.740933,41.736865],[-87.741496,41.753292],[-87.739119,41.753118],[-87.736582,41.753164],[-87.736582,41.753041],[-87.732329,41.753321],[-87.73213,41.753165],[-87.722036,41.753374],[-87.722287,41.76147],[-87.721298,41.761113],[-87.718345,41.759625],[-87.716226,41.758776],[-87.716222,41.758886],[-87.713632,41.757645],[-87.712548,41.757337]]]}},{"type":"Feature","id":71,"properties":{"community_area_number":71,"community_area_name":"Auburn Gresham","listed_center_count":7,"population_estimate":46533.12,"estimated_population_covered_1km":40230.58,"estimated_population_covered_2km":46533.12,"coverage_percent_1km":86.46,"coverage_percent_2km":100.0,"population_weighted_mean_nearest_distance_m":596.3,"piece_count":30,"population_weighted_metrics":{"RPL_THEMES":0.8505,"EP_NOVEH":28.8943,"EP_LIMENG":1.1149,"EP_DISABL":19.6804,"EP_AGE65":18.4594}},"geometry":{"type":"Polygon","coordinates":[[[-87.6399,41.756146],[-87.639759,41.750705],[-87.639369,41.750711],[-87.639485,41.748858],[-87.639097,41.748871],[-87.63919,41.743434],[-87.636477,41.743518],[-87.635946,41.744162],[-87.634108,41.743498],[-87.633963,41.739474],[-87.634081,41.739145],[-87.633883,41.738207],[-87.63381,41.735948],[-87.634128,41.735942],[-87.633734,41.728853],[-87.644615,41.728701],[-87.644681,41.729835],[-87.645183,41.729835],[-87.646433,41.729506],[-87.647492,41.728635],[-87.647951,41.7287],[-87.646513,41.732527],[-87.660453,41.732282],[-87.665387,41.732086],[-87.665331,41.730237],[-87.668117,41.730201],[-87.673083,41.735657],[-87.672785,41.735654],[-87.672791,41.735898],[-87.673015,41.735944],[-87.675299,41.738675],[-87.676889,41.740111],[-87.677571,41.741531],[-87.677903,41.742602],[-87.678094,41.743934],[-87.678388,41.754791],[-87.678588,41.757653],[-87.669692,41.757784],[-87.669697,41.757631],[-87.665475,41.757674],[-87.644235,41.758144],[-87.644184,41.756088],[-87.6399,41.756146]]]}},{"type":"Feature","id":72,"properties":{"community_area_number":72,"community_area_name":"Beverly","listed_center_count":2,"population_estimate":19819.78,"estimated_population_covered_1km":13544.2,"estimated_population_covered_2km":19819.78,"coverage_percent_1km":68.34,"coverage_percent_2km":100.0,"population_weighted_mean_nearest_distance_m":857.8,"piece_count":19,"population_weighted_metrics":{"RPL_THEMES":0.1708,"EP_NOVEH":3.6946,"EP_LIMENG":0.0476,"EP_DISABL":10.5641,"EP_AGE65":19.5637}},"geometry":{"type":"Polygon","coordinates":[[[-87.673083,41.735657],[-87.668057,41.730141],[-87.667247,41.728851],[-87.66732,41.728437],[-87.663445,41.721202],[-87.663263,41.721204],[-87.663202,41.721093],[-87.663085,41.720102],[-87.661066,41.71569],[-87.659976,41.714001],[-87.656364,41.706778],[-87.656019,41.706785],[-87.658742,41.699444],[-87.679861,41.699058],[-87.696148,41.698941],[-87.69646,41.707145],[-87.691519,41.707203],[-87.691729,41.713566],[-87.681842,41.713662],[-87.682514,41.735527],[-87.673083,41.735657]]]}},{"type":"Feature","id":73,"properties":{"community_area_number":73,"community_area_name":"Washington Heights","listed_center_count":3,"population_estimate":26351.63,"estimated_population_covered_1km":21768.02,"estimated_population_covered_2km":26351.63,"coverage_percent_1km":82.61,"coverage_percent_2km":100.0,"population_weighted_mean_nearest_distance_m":712.5,"piece_count":16,"population_weighted_metrics":{"RPL_THEMES":0.6373,"EP_NOVEH":16.5537,"EP_LIMENG":0.0196,"EP_DISABL":18.9283,"EP_AGE65":19.4023}},"geometry":{"type":"Polygon","coordinates":[[[-87.633734,41.728853],[-87.633133,41.707043],[-87.642834,41.706917],[-87.642608,41.699641],[-87.658742,41.699444],[-87.656019,41.706785],[-87.656364,41.706778],[-87.659976,41.714001],[-87.661066,41.71569],[-87.663085,41.720102],[-87.663202,41.721093],[-87.663263,41.721204],[-87.663445,41.721202],[-87.66732,41.728437],[-87.667247,41.728851],[-87.668117,41.730201],[-87.665331,41.730237],[-87.665387,41.732086],[-87.660453,41.732282],[-87.646513,41.732527],[-87.647951,41.7287],[-87.647492,41.728635],[-87.646433,41.729506],[-87.645183,41.729835],[-87.644681,41.729835],[-87.644615,41.728701],[-87.633734,41.728853]]]}},{"type":"Feature","id":74,"properties":{"community_area_number":74,"community_area_name":"Mount Greenwood","listed_center_count":4,"population_estimate":19130.84,"estimated_population_covered_1km":13448.34,"estimated_population_covered_2km":18600.18,"coverage_percent_1km":70.3,"coverage_percent_2km":97.23,"population_weighted_mean_nearest_distance_m":759.3,"piece_count":14,"population_weighted_metrics":{"RPL_THEMES":0.2742,"EP_NOVEH":4.7937,"EP_LIMENG":0.5374,"EP_DISABL":10.9236,"EP_AGE65":13.7831}},"geometry":{"type":"Polygon","coordinates":[[[-87.69646,41.707145],[-87.696148,41.698941],[-87.696021,41.698928],[-87.695766,41.688076],[-87.699473,41.687933],[-87.699398,41.686147],[-87.700624,41.686136],[-87.700553,41.684263],[-87.705417,41.684187],[-87.705285,41.680579],[-87.709931,41.680548],[-87.711357,41.680441],[-87.711391,41.681271],[-87.71158,41.681267],[-87.711597,41.681833],[-87.711414,41.681836],[-87.711507,41.684094],[-87.73945,41.683632],[-87.739739,41.69086],[-87.736388,41.691028],[-87.720317,41.691285],[-87.721125,41.71317],[-87.712578,41.713297],[-87.712525,41.711474],[-87.711298,41.711491],[-87.711124,41.706074],[-87.701325,41.706178],[-87.701375,41.707052],[-87.69646,41.707145]]]}},{"type":"Feature","id":75,"properties":{"community_area_number":75,"community_area_name":"Morgan Park","listed_center_count":5,"population_estimate":21293.28,"estimated_population_covered_1km":17276.7,"estimated_population_covered_2km":21293.28,"coverage_percent_1km":81.14,"coverage_percent_2km":100.0,"population_weighted_mean_nearest_distance_m":663.6,"piece_count":17,"population_weighted_metrics":{"RPL_THEMES":0.5305,"EP_NOVEH":11.3608,"EP_LIMENG":0.2889,"EP_DISABL":12.9088,"EP_AGE65":20.6495}},"geometry":{"type":"Polygon","coordinates":[[[-87.642152,41.685082],[-87.661599,41.68482],[-87.661365,41.677544],[-87.666771,41.677438],[-87.667316,41.675963],[-87.668404,41.676188],[-87.667951,41.677417],[-87.686205,41.677208],[-87.685782,41.678203],[-87.68558,41.679146],[-87.685722,41.684475],[-87.695625,41.684333],[-87.695917,41.691625],[-87.695757,41.691627],[-87.695762,41.691715],[-87.69209,41.69176],[-87.692105,41.692202],[-87.691009,41.692283],[-87.691238,41.698982],[-87.679861,41.699058],[-87.642608,41.699641],[-87.642152,41.685082]]]}},{"type":"Feature","id":76,"properties":{"community_area_number":76,"community_area_name":"Ohare","listed_center_count":0,"population_estimate":14956.18,"estimated_population_covered_1km":130.5,"estimated_population_covered_2km":1698.21,"coverage_percent_1km":0.87,"coverage_percent_2km":11.35,"population_weighted_mean_nearest_distance_m":2656.3,"piece_count":18,"population_weighted_metrics":{"RPL_THEMES":0.5381,"EP_NOVEH":7.8022,"EP_LIMENG":13.9332,"EP_DISABL":7.386,"EP_AGE65":13.904}},"geometry":{"type":"MultiPolygon","coordinates":[[[[-87.836581,41.986396],[-87.836631,41.974771],[-87.841555,41.97469],[-87.841557,41.974385],[-87.84155,41.973788],[-87.837934,41.973844],[-87.837951,41.971347],[-87.836649,41.971366],[-87.83665,41.970232],[-87.841589,41.970143],[-87.841575,41.971975],[-87.846534,41.97189],[-87.84657,41.966407],[-87.836682,41.966597],[-87.836693,41.954052],[-87.836433,41.944761],[-87.835178,41.944793],[-87.835121,41.944668],[-87.83481,41.937576],[-87.849621,41.937285],[-87.851412,41.938705],[-87.851806,41.93917],[-87.853076,41.942601],[-87.853013,41.943351],[-87.853261,41.943763],[-87.853822,41.945843],[-87.854082,41.946557],[-87.854976,41.948034],[-87.854936,41.949484],[-87.854073,41.951449],[-87.846612,41.951639],[-87.846605,41.955687],[-87.858079,41.955445],[-87.858523,41.956005],[-87.858775,41.956933],[-87.858718,41.957541],[-87.857577,41.95919],[-87.85582,41.962415],[-87.855506,41.964456],[-87.854867,41.966359],[-87.854777,41.9672],[-87.855029,41.968708],[-87.854323,41.970298],[-87.854135,41.971168],[-87.854467,41.971895],[-87.855362,41.972517],[-87.856063,41.972578],[-87.856592,41.97246],[-87.858922,41.971422],[-87.859746,41.971597],[-87.860426,41.971929],[-87.861338,41.972609],[-87.861902,41.973321],[-87.880773,41.972855],[-87.880788,41.9572],[-87.881633,41.957111],[-87.883846,41.9573],[-87.890266,41.958096],[-87.892899,41.958051],[-87.892877,41.950794],[-87.903776,41.950618],[-87.912298,41.952371],[-87.912282,41.951433],[-87.914731,41.952026],[-87.914798,41.954713],[-87.915228,41.956845],[-87.916557,41.957405],[-87.92,41.958012],[-87.92,41.958151],[-87.922171,41.958384],[-87.922169,41.953873],[-87.926353,41.954864],[-87.926357,41.959017],[-87.932082,41.959942],[-87.932254,41.964799],[-87.934771,41.9648],[-87.934764,41.966825],[-87.936805,41.965406],[-87.938126,41.964279],[-87.939718,41.964285],[-87.939713,41.978636],[-87.93993,41.993491],[-87.938801,41.993533],[-87.938387,41.995184],[-87.937615,41.997031],[-87.936668,41.998593],[-87.935525,42.00004],[-87.933769,42.001665],[-87.930403,42.004126],[-87.930363,42.002206],[-87.925463,42.00226],[-87.925445,42.001045],[-87.920516,42.001131],[-87.920511,42.004953],[-87.913771,42.005075],[-87.91377,42.008705],[-87.91331,42.008721],[-87.913306,42.006258],[-87.91303,42.006268],[-87.913027,42.005088],[-87.907674,42.005249],[-87.90768,42.008922],[-87.90575,42.008991],[-87.902383,42.008091],[-87.902384,42.007916],[-87.898354,42.006793],[-87.895983,42.005785],[-87.895983,42.005647],[-87.895763,42.005654],[-87.895763,42.005877],[-87.895309,42.005669],[-87.894295,42.005702],[-87.894346,42.002708],[-87.893547,42.002737],[-87.893578,42.003332],[-87.893229,42.003344],[-87.893265,42.003942],[-87.89189,42.003987],[-87.889997,42.003227],[-87.890382,42.00285],[-87.890385,42.0023],[-87.899236,42.001899],[-87.902406,42.003615],[-87.902404,42.004027],[-87.90406,42.003973],[-87.904062,42.00356],[-87.903115,42.00342],[-87.899543,42.001477],[-87.897441,42.001546],[-87.897458,42.000532],[-87.889398,41.999388],[-87.88496,41.998463],[-87.884955,41.998297],[-87.884533,41.998195],[-87.884543,41.995099],[-87.880355,41.99523],[-87.876911,41.985669],[-87.875857,41.985701],[-87.875863,41.982939],[-87.873731,41.976657],[-87.875883,41.976603],[-87.875893,41.973881],[-87.873008,41.973953],[-87.872976,41.973863],[-87.872576,41.973873],[-87.872646,41.973962],[-87.868605,41.974054],[-87.868607,41.973798],[-87.867837,41.973815],[-87.867839,41.973983],[-87.867492,41.973991],[-87.867493,41.973728],[-87.862009,41.973864],[-87.861758,41.975168],[-87.861245,41.976001],[-87.859964,41.976993],[-87.858456,41.978664],[-87.856274,41.980462],[-87.855877,41.981099],[-87.85578,41.982163],[-87.856648,41.984432],[-87.85636,41.985994],[-87.855537,41.987943],[-87.855835,41.989052],[-87.854122,41.988648],[-87.849904,41.988348],[-87.836581,41.986396]]],[[[-87.940013,41.998108],[-87.940114,42.000789],[-87.935144,42.000889],[-87.93708,41.998586],[-87.940013,41.998108]]],[[[-87.933485,42.005424],[-87.933613,42.004882],[-87.934373,42.004983],[-87.934303,42.001963],[-87.933889,42.001972],[-87.935095,42.000938],[-87.935288,42.008151],[-87.93358,42.008174],[-87.933485,42.005424]]]]}},{"type":"Feature","id":77,"properties":{"community_area_number":77,"community_area_name":"Edgewater","listed_center_count":4,"population_estimate":47499.67,"estimated_population_covered_1km":46324.47,"estimated_population_covered_2km":47499.67,"coverage_percent_1km":97.53,"coverage_percent_2km":100.0,"population_weighted_mean_nearest_distance_m":459.9,"piece_count":27,"population_weighted_metrics":{"RPL_THEMES":0.5394,"EP_NOVEH":35.8932,"EP_LIMENG":5.2548,"EP_DISABL":10.4472,"EP_AGE65":15.4439}},"geometry":{"type":"Polygon","coordinates":[[[-87.654556,41.998166],[-87.654262,41.995993],[-87.654451,41.996086],[-87.654664,41.995943],[-87.654485,41.99537],[-87.6546,41.994531],[-87.654391,41.994533],[-87.654266,41.994108],[-87.654527,41.993392],[-87.654093,41.993006],[-87.654413,41.990993],[-87.654238,41.990867],[-87.654189,41.990292],[-87.654306,41.990122],[-87.654193,41.989924],[-87.654308,41.988406],[-87.653543,41.98757],[-87.650977,41.985723],[-87.649894,41.985422],[-87.649352,41.986393],[-87.650365,41.984339],[-87.650683,41.983192],[-87.650669,41.980661],[-87.650221,41.979723],[-87.650475,41.979457],[-87.648774,41.978153],[-87.648604,41.97784],[-87.64729,41.977748],[-87.64886,41.977042],[-87.649043,41.976814],[-87.6496,41.976823],[-87.65126,41.97646],[-87.674408,41.976103],[-87.674705,41.990763],[-87.67485,41.990762],[-87.675013,41.997993],[-87.6569,41.99823],[-87.654556,41.998166]]]}}]}
