{"type":"FeatureCollection","features":[{"type":"Feature","id":"cc_14997821804b","properties":{"id":"cc_14997821804b","site_type":"Chicago Community College","name":"Daley College","published_hours":"M-F 8am-8pm; Sat 9am-3pm; Closed Sun; Holiday Closures: 5/25/26, 6/19/26. 7/3/26, 7/4/26, 9/7/26","address":"7500 S. Pulaski","zip":"60652","phone":"773-838-7500","community_area_number":65,"community_area_name":"West Lawn"},"geometry":{"type":"Point","coordinates":[-87.72219,41.75731]}},{"type":"Feature","id":"cc_0a9ba4271920","properties":{"id":"cc_0a9ba4271920","site_type":"Chicago Community College","name":"Harold Washington College","published_hours":"M-F 8am-8pm; Sat 8am-4pm; Closed Sun; Holiday Closures: 5/25/26, 6/19/26. 7/3/26, 7/4/26, 9/7/26","address":"30 E. Lake St.","zip":"60601","phone":"312-553-5600","community_area_number":32,"community_area_name":"Loop"},"geometry":{"type":"Point","coordinates":[-87.62686,41.88576]}},{"type":"Feature","id":"cc_8bff9e154b17","properties":{"id":"cc_8bff9e154b17","site_type":"Chicago Community College","name":"Kennedy-King College","published_hours":"M-F 8am-8pm; Sat-Sun 8am-4pm; Holiday Closures: 5/25/26, 6/19/26. 7/3/26, 7/4/26, 9/7/26","address":"740 W. 63rd Street","zip":"60621","phone":"773-602-5000","community_area_number":68,"community_area_name":"Englewood"},"geometry":{"type":"Point","coordinates":[-87.64397,41.77979]}},{"type":"Feature","id":"cc_b5d301ec1ba4","properties":{"id":"cc_b5d301ec1ba4","site_type":"Chicago Community College","name":"Malcolm X College","published_hours":"M-F 8am-8pm; Sat-Sun 8am-5 pm: Holiday Closures: 5/25/26, 6/19/26. 7/3/26, 7/4/26, 9/7/26","address":"1900 W. Jackson","zip":"60612","phone":"312-850-7000","community_area_number":28,"community_area_name":"Near West Side"},"geometry":{"type":"Point","coordinates":[-87.6751,41.87749]}},{"type":"Feature","id":"cc_e44a4b2fba25","properties":{"id":"cc_e44a4b2fba25","site_type":"Chicago Community College","name":"Olive-Harvey College","published_hours":"M-F 9am-8pm; Sat 9am-5pm; Closed Sun; Holiday Closures: 5/25/26, 6/19/26. 7/3/26, 7/4/26, 9/7/26","address":"10001 S Woodlawn Ave","zip":"60628","phone":"773-291-6100","community_area_number":50,"community_area_name":"Pullman"},"geometry":{"type":"Point","coordinates":[-87.59036,41.71109]}},{"type":"Feature","id":"cc_b5cba89b3d35","properties":{"id":"cc_b5cba89b3d35","site_type":"Chicago Community College","name":"Truman College","published_hours":"M-F 8am-9pm; Sat 8am-4pm; Closed Sun; Holiday Closures: 5/25/26, 6/19/26. 7/3/26, 7/4/26, 9/7/26","address":"1145 W. Wilson Ave","zip":"60640","phone":"773-907-4000","community_area_number":3,"community_area_name":"Uptown"},"geometry":{"type":"Point","coordinates":[-87.65958,41.9651]}},{"type":"Feature","id":"cc_e354ddc9f8c2","properties":{"id":"cc_e354ddc9f8c2","site_type":"Chicago Community College","name":"Wright College","published_hours":"M-F 8am-7pm; Sat 8am-2pm; Closed Sun; Holiday Closures: 5/25/26, 6/19/26. 7/3/26, 7/4/26, 9/7/26","address":"4300 N. Narragansett Ave","zip":"60634","phone":"773-777-7900","community_area_number":17,"community_area_name":"Dunning"},"geometry":{"type":"Point","coordinates":[-87.78765,41.95832]}},{"type":"Feature","id":"cc_423db157d2e3","properties":{"id":"cc_423db157d2e3","site_type":"Community Service Center","name":"Garfield Center","published_hours":"M-F 9am-5pm; Sunday 7/26 9am-5pm","address":"10 S. Kedzie Avenue","zip":"60612","phone":"312-746-5400","community_area_number":27,"community_area_name":"East Garfield Park"},"geometry":{"type":"Point","coordinates":[-87.70659,41.88]}},{"type":"Feature","id":"cc_4dc373c13800","properties":{"id":"cc_4dc373c13800","site_type":"Community Service Center","name":"Trina Davila Center","published_hours":"M-F 9am-5pm","address":"4312 W. North Avenue","zip":"60639","phone":"312-744-2014","community_area_number":23,"community_area_name":"Humboldt Park"},"geometry":{"type":"Point","coordinates":[-87.73428,41.91003]}},{"type":"Feature","id":"cc_876a5a2661ea","properties":{"id":"cc_876a5a2661ea","site_type":"Community Service Center","name":"North Area Center","published_hours":"M-F 9am-5pm","address":"845 W. Wilson Avenue","zip":"60640","phone":"312-744-2580","community_area_number":3,"community_area_name":"Uptown"},"geometry":{"type":"Point","coordinates":[-87.65195,41.96548]}},{"type":"Feature","id":"cc_8e9393e1665d","properties":{"id":"cc_8e9393e1665d","site_type":"Community Service Center","name":"South Chicago Center","published_hours":"M-F 9am-5pm","address":"8650 S. Commercial Avenue","zip":"60617","phone":"312-747-0500","community_area_number":46,"community_area_name":"South Chicago"},"geometry":{"type":"Point","coordinates":[-87.55183,41.73775]}},{"type":"Feature","id":"cc_8a602a6b551e","properties":{"id":"cc_8a602a6b551e","site_type":"Community Service Center","name":"Auburn Gresham Center","published_hours":"M-F 9am-5pm","address":"1140 W. 79th Street","zip":"60620","phone":"312-747-0200","community_area_number":71,"community_area_name":"Auburn Gresham"},"geometry":{"type":"Point","coordinates":[-87.65291,41.7505]}},{"type":"Feature","id":"cc_e8cceb97bd45","properties":{"id":"cc_e8cceb97bd45","site_type":"Community Service Center","name":"King Center","published_hours":"M-F 9am-5pm","address":"4314 S. Cottage Grove","zip":"60653","phone":"312-747-2300","community_area_number":38,"community_area_name":"Grand Boulevard"},"geometry":{"type":"Point","coordinates":[-87.60706,41.81596]}},{"type":"Feature","id":"cc_1cb31451fc01","properties":{"id":"cc_1cb31451fc01","site_type":"Library","name":"Pullman","published_hours":"M, W: 10AM-6PM;  TU, TH: 12PM-8PM; F, SA: 9AM-5PM; SU: 1PM-5PM","address":"11001 S. Indiana Avenue","zip":"60628","phone":"(312) 747-2033","community_area_number":49,"community_area_name":"Roseland"},"geometry":{"type":"Point","coordinates":[-87.61829,41.69437]}},{"type":"Feature","id":"cc_4e3a3102041d","properties":{"id":"cc_4e3a3102041d","site_type":"Library","name":"Chicago Bee","published_hours":"M, W: 12PM-8PM; TU, TH: 10AM-6PM; F, SA: 9AM-5PM; SU: 1PM-5PM","address":"3647 S. State Street","zip":"60609","phone":"(312) 747-6872","community_area_number":35,"community_area_name":"Douglas"},"geometry":{"type":"Point","coordinates":[-87.62649,41.82815]}},{"type":"Feature","id":"cc_fed4e508f505","properties":{"id":"cc_fed4e508f505","site_type":"Library","name":"Vodak-East Side","published_hours":"M, W: 12PM-8PM; TU, TH: 10AM-6PM; F, SA: 9AM-5PM; SU: 1PM-5PM","address":"3710 E. 106th Street","zip":"60617","phone":"(312) 747-5500","community_area_number":52,"community_area_name":"East Side"},"geometry":{"type":"Point","coordinates":[-87.53348,41.703]}},{"type":"Feature","id":"cc_d9fb76b3aadf","properties":{"id":"cc_d9fb76b3aadf","site_type":"Library","name":"Logan Square","published_hours":"M, W: 10AM-6PM;  TU, TH: 12PM-8PM; F, SA: 9AM-5PM; SU: 1PM-5PM","address":"3030 W. Fullerton Avenue","zip":"60647","phone":"(312) 744-5295","community_area_number":22,"community_area_name":"Logan Square"},"geometry":{"type":"Point","coordinates":[-87.70341,41.92476]}},{"type":"Feature","id":"cc_17d4969fe6ff","properties":{"id":"cc_17d4969fe6ff","site_type":"Library","name":"Lozano","published_hours":"M, W: 10AM-6PM;  TU, TH: 12PM-8PM; F, SA: 9AM-5PM; SU: 1PM-5PM","address":"1805 S. Loomis Street","zip":"60608","phone":"(312) 746-4329","community_area_number":31,"community_area_name":"Lower West Side"},"geometry":{"type":"Point","coordinates":[-87.66093,41.85719]}},{"type":"Feature","id":"cc_3e4187b1e1d7","properties":{"id":"cc_3e4187b1e1d7","site_type":"Library","name":"Blackstone","published_hours":"M, W: 12PM-8PM; TU, TH: 10AM-6PM; F, SA: 9AM-5PM; SU: 1PM-5PM","address":"4904 S. Lake Park Avenue","zip":"60615","phone":"(312) 747-0511","community_area_number":39,"community_area_name":"Kenwood"},"geometry":{"type":"Point","coordinates":[-87.59046,41.80606]}},{"type":"Feature","id":"cc_fec7e979000a","properties":{"id":"cc_fec7e979000a","site_type":"Library","name":"Merlo","published_hours":"M, W: 12PM-8PM; TU, TH: 10AM-6PM; F, SA: 9AM-5PM; SU: 1PM-5PM","address":"644 W. Belmont Avenue","zip":"60657","phone":"(312) 744-1139","community_area_number":6,"community_area_name":"Lake View"},"geometry":{"type":"Point","coordinates":[-87.64627,41.94004]}},{"type":"Feature","id":"cc_4dd8bf2189f0","properties":{"id":"cc_4dd8bf2189f0","site_type":"Library","name":"Thurgood Marshall","published_hours":"M, W: 12PM-8PM; TU, TH: 10AM-6PM; F, SA: 9AM-5PM; SU: 1PM-5PM","address":"7506 S. Racine Avenue","zip":"60620","phone":"(312) 747-5927","community_area_number":71,"community_area_name":"Auburn Gresham"},"geometry":{"type":"Point","coordinates":[-87.65437,41.75711]}},{"type":"Feature","id":"cc_768d485e0b0c","properties":{"id":"cc_768d485e0b0c","site_type":"Library","name":"Garfield Ridge","published_hours":"M, W: 10AM-6PM;  TU, TH: 12PM-8PM; F, SA: 9AM-5PM; SU: 1PM-5PM","address":"6348 S. Archer Avenue","zip":"60638","phone":"(312) 747-6094","community_area_number":56,"community_area_name":"Garfield Ridge"},"geometry":{"type":"Point","coordinates":[-87.78009,41.79282]}},{"type":"Feature","id":"cc_f4bc60349eba","properties":{"id":"cc_f4bc60349eba","site_type":"Library","name":"Archer Heights","published_hours":"M, W: 12PM-8PM; TU, TH: 10AM-6PM; F, SA: 9AM-5PM; SU: 1PM-5PM","address":"5055 S. Archer Avenue","zip":"60632","phone":"(312) 747-9241","community_area_number":57,"community_area_name":"Archer Heights"},"geometry":{"type":"Point","coordinates":[-87.72663,41.8007]}},{"type":"Feature","id":"cc_a113eeda9df8","properties":{"id":"cc_a113eeda9df8","site_type":"Library","name":"West Englewood","published_hours":"M, W: 12PM-8PM; TU, TH: 10AM-6PM; F, SA: 9AM-5PM; SU: 1PM-5PM","address":"1745 W. 63rd Street","zip":"60636","phone":"(312) 747-3481","community_area_number":67,"community_area_name":"West Englewood"},"geometry":{"type":"Point","coordinates":[-87.66852,41.77939]}},{"type":"Feature","id":"cc_82b73546a85c","properties":{"id":"cc_82b73546a85c","site_type":"Library","name":"South Chicago","published_hours":"M, W: 12PM-8PM; TU, TH: 10AM-6PM; F, SA: 9AM-5PM; SU: 1PM-5PM","address":"9055 S. Houston Avenue","zip":"60617","phone":"(312) 747-8065","community_area_number":46,"community_area_name":"South Chicago"},"geometry":{"type":"Point","coordinates":[-87.54984,41.73037]}},{"type":"Feature","id":"cc_93113de1b576","properties":{"id":"cc_93113de1b576","site_type":"Library","name":"Avalon","published_hours":"M, W: 12PM-8PM; TU, TH: 10AM-6PM; F, SA: 9AM-5PM; SU: 1PM-5PM","address":"8148 S. Stony Island Avenue","zip":"60617","phone":"(312) 747-5234","community_area_number":45,"community_area_name":"Avalon Park"},"geometry":{"type":"Point","coordinates":[-87.58584,41.74633]}},{"type":"Feature","id":"cc_12e2ba612a10","properties":{"id":"cc_12e2ba612a10","site_type":"Library","name":"Rogers Park","published_hours":"M, W: 12PM-8PM; TU, TH: 10AM-6PM; F, SA: 9AM-5PM; SU: 1PM-5PM","address":"6907 N. Clark Street","zip":"60626","phone":"(312) 744-0156","community_area_number":1,"community_area_name":"Rogers Park"},"geometry":{"type":"Point","coordinates":[-87.67341,42.00669]}},{"type":"Feature","id":"cc_90acba702c5a","properties":{"id":"cc_90acba702c5a","site_type":"Library","name":"Oriole Park","published_hours":"M, W: 12PM-8PM; TU, TH: 10AM-6PM; F, SA: 9AM-5PM; SU: 1PM-5PM","address":"7454 W. Balmoral Avenue","zip":"60656","phone":"(312) 744-1965","community_area_number":10,"community_area_name":"Norwood Park"},"geometry":{"type":"Point","coordinates":[-87.81387,41.978]}},{"type":"Feature","id":"cc_859a3bdd197d","properties":{"id":"cc_859a3bdd197d","site_type":"Library","name":"West Chicago Avenue","published_hours":"M, W: 10AM-6PM;  TU, TH: 12PM-8PM; F, SA: 9AM-5PM; SU: 1PM-5PM","address":"4856 W. Chicago Avenue","zip":"60651","phone":"(312) 743-0260","community_area_number":25,"community_area_name":"Austin"},"geometry":{"type":"Point","coordinates":[-87.748,41.89498]}},{"type":"Feature","id":"cc_82f233820af6","properties":{"id":"cc_82f233820af6","site_type":"Library","name":"Sulzer Regional","published_hours":"M-TH: 9AM-8PM; F, SA: 9AM-5PM; SU: 1PM-5PM","address":"4455 N. Lincoln Avenue","zip":"60625","phone":"(312) 744-7616","community_area_number":4,"community_area_name":"Lincoln Square"},"geometry":{"type":"Point","coordinates":[-87.68467,41.96267]}},{"type":"Feature","id":"cc_629318c1f712","properties":{"id":"cc_629318c1f712","site_type":"Library","name":"Hegewisch","published_hours":"M, W: 10AM-6PM;  TU, TH: 12PM-8PM; F, SA: 9AM-5PM; SU: 1PM-5PM","address":"3048 E. 130th Street","zip":"60633","phone":"(312) 747-0046","community_area_number":55,"community_area_name":"Hegewisch"},"geometry":{"type":"Point","coordinates":[-87.54911,41.65943]}},{"type":"Feature","id":"cc_fcafc1c9b842","properties":{"id":"cc_fcafc1c9b842","site_type":"Library","name":"South Shore","published_hours":"M, W: 10AM-6PM;  TU, TH: 12PM-8PM; F, SA: 9AM-5PM; SU: 1PM-5PM","address":"2505 E. 73rd Street","zip":"60649","phone":"(312) 747-5281","community_area_number":43,"community_area_name":"South Shore"},"geometry":{"type":"Point","coordinates":[-87.56373,41.76264]}},{"type":"Feature","id":"cc_d3ec1807e2c1","properties":{"id":"cc_d3ec1807e2c1","site_type":"Library","name":"Chinatown","published_hours":"M, W: 12PM-8PM; TU, TH: 10AM-6PM; F, SA: 9AM-5PM; SU: 1PM-5PM","address":"2100 S. Wentworth Avenue","zip":"60616","phone":"(312) 747-8013","community_area_number":34,"community_area_name":"Armour Square"},"geometry":{"type":"Point","coordinates":[-87.63182,41.8538]}},{"type":"Feature","id":"cc_d00fbfa028bf","properties":{"id":"cc_d00fbfa028bf","site_type":"Library","name":"Edgewater","published_hours":"M, W: 10AM-6PM;  TU, TH: 12PM-8PM; F, SA: 9AM-5PM; SU: 1PM-5PM","address":"6000 N. Broadway","zip":"60660","phone":"(312) 742-1945","community_area_number":77,"community_area_name":"Edgewater"},"geometry":{"type":"Point","coordinates":[-87.66057,41.9913]}},{"type":"Feature","id":"cc_92255e26bed5","properties":{"id":"cc_92255e26bed5","site_type":"Library","name":"Mount Greenwood","published_hours":"M, W: 10AM-6PM;  TU, TH: 12PM-8PM; F, SA: 9AM-5PM; SU: 1PM-5PM","address":"11010 S. Kedzie Avenue","zip":"60655","phone":"(312) 747-2805","community_area_number":74,"community_area_name":"Mount Greenwood"},"geometry":{"type":"Point","coordinates":[-87.70121,41.69282]}},{"type":"Feature","id":"cc_824317e0ba83","properties":{"id":"cc_824317e0ba83","site_type":"Library","name":"Little Italy","published_hours":"M, W: 12PM-8PM; TU, TH: 10AM-6PM; F, SA: 9AM-5PM; SU: 1PM-5PM","address":"1336 W. Taylor Street","zip":"60607","phone":"(312) 746-5656","community_area_number":28,"community_area_name":"Near West Side"},"geometry":{"type":"Point","coordinates":[-87.66059,41.86937]}},{"type":"Feature","id":"cc_5b8457d6eb61","properties":{"id":"cc_5b8457d6eb61","site_type":"Library","name":"Uptown","published_hours":"M, W: 10AM-6PM;  TU, TH: 12PM-8PM; F, SA: 9AM-5PM; SU: 1PM-5PM","address":"929 W. Buena Avenue","zip":"60613","phone":"(312) 744-8400","community_area_number":3,"community_area_name":"Uptown"},"geometry":{"type":"Point","coordinates":[-87.65422,41.95843]}},{"type":"Feature","id":"cc_329e610b5c1b","properties":{"id":"cc_329e610b5c1b","site_type":"Library","name":"Scottsdale","published_hours":"M, W: 10AM-6PM;  TU, TH: 12PM-8PM; F, SA: 9AM-5PM; SU: 1PM-5PM","address":"4101 W. 79th Street","zip":"60652","phone":"(312) 747-0193","community_area_number":70,"community_area_name":"Ashburn"},"geometry":{"type":"Point","coordinates":[-87.7246,41.7494]}},{"type":"Feature","id":"cc_54f230d99752","properties":{"id":"cc_54f230d99752","site_type":"Library","name":"Austin-Irving","published_hours":"M, W: 12PM-8PM; TU, TH: 10AM-6PM; F, SA: 9AM-5PM; SU: 1PM-5PM","address":"6100 W. Irving Park Road","zip":"60634","phone":"(312) 744-6222","community_area_number":15,"community_area_name":"Portage Park"},"geometry":{"type":"Point","coordinates":[-87.77952,41.95321]}},{"type":"Feature","id":"cc_442ada2bed92","properties":{"id":"cc_442ada2bed92","site_type":"Library","name":"Bucktown-Wicker Park","published_hours":"M, W: 12PM-8PM; TU, TH: 10AM-6PM; F, SA: 9AM-5PM; SU: 1PM-5PM","address":"1701 N. Milwaukee Avenue","zip":"60647","phone":"(312) 744-6022","community_area_number":24,"community_area_name":"West Town"},"geometry":{"type":"Point","coordinates":[-87.68051,41.91277]}},{"type":"Feature","id":"cc_e48b19bb6058","properties":{"id":"cc_e48b19bb6058","site_type":"Library","name":"Daley, Richard M.-W Humboldt","published_hours":"M, W: 10AM-6PM;  TU, TH: 12PM-8PM; F, SA: 9AM-5PM; SU: 1PM-5PM","address":"733 N. Kedzie Avenue","zip":"60612","phone":"(312) 743-0555","community_area_number":23,"community_area_name":"Humboldt Park"},"geometry":{"type":"Point","coordinates":[-87.70618,41.89509]}},{"type":"Feature","id":"cc_fe78329ce30d","properties":{"id":"cc_fe78329ce30d","site_type":"Library","name":"Mayfair","published_hours":"M, W: 12PM-8PM; TU, TH: 10AM-6PM; F, SA: 9AM-5PM; SU: 1PM-5PM","address":"4400 W. Lawrence Avenue","zip":"60630","phone":"(312) 744-1254","community_area_number":16,"community_area_name":"Irving Park"},"geometry":{"type":"Point","coordinates":[-87.7381,41.96812]}},{"type":"Feature","id":"cc_bf113d453489","properties":{"id":"cc_bf113d453489","site_type":"Library","name":"Jefferson Park","published_hours":"M, W: 10AM-6PM;  TU, TH: 12PM-8PM; F, SA: 9AM-5PM; SU: 1PM-5PM","address":"5363 W. Lawrence Avenue","zip":"60630","phone":"(312) 744-1998","community_area_number":11,"community_area_name":"Jefferson Park"},"geometry":{"type":"Point","coordinates":[-87.76196,41.96763]}},{"type":"Feature","id":"cc_424a1efc1dbb","properties":{"id":"cc_424a1efc1dbb","site_type":"Library","name":"West Pullman","published_hours":"M, W: 12PM-8PM; TU, TH: 10AM-6PM); F, SA: 9AM-5PM; SU: 1PM-5PM","address":"830 W. 119th Street","zip":"60643","phone":"(312) 747-1425","community_area_number":53,"community_area_name":"West Pullman"},"geometry":{"type":"Point","coordinates":[-87.64311,41.6778]}},{"type":"Feature","id":"cc_36ec52d138cd","properties":{"id":"cc_36ec52d138cd","site_type":"Library","name":"West Belmont","published_hours":"M, W: 10AM-6PM;  TU, TH: 12PM-8PM; F, SA: 9AM-5PM; SU: 1PM-5PM","address":"3104 N. Narragansett Avenue","zip":"60634","phone":"(312) 746-5142","community_area_number":19,"community_area_name":"Belmont Cragin"},"geometry":{"type":"Point","coordinates":[-87.78589,41.93685]}},{"type":"Feature","id":"cc_4e5f39313c7a","properties":{"id":"cc_4e5f39313c7a","site_type":"Library","name":"Albany Park","published_hours":"M, W: 10AM-6PM;  TU, TH: 12PM-8PM; F, SA: 9AM-5PM; SU: 1PM-5PM","address":"3401 W. Foster Ave.","zip":"60625","phone":"(773) 539-5450","community_area_number":13,"community_area_name":"North Park"},"geometry":{"type":"Point","coordinates":[-87.71408,41.97569]}},{"type":"Feature","id":"cc_bc8a4103bc17","properties":{"id":"cc_bc8a4103bc17","site_type":"Library","name":"McKinley Park","published_hours":"M, W: 12PM-8PM; TU, TH: 10AM-6PM; F, SA: 9AM-5PM; SU: 1PM-5PM","address":"1915 W. 35th Street","zip":"60609","phone":"(312) 747-6082","community_area_number":59,"community_area_name":"Mckinley Park"},"geometry":{"type":"Point","coordinates":[-87.67344,41.83041]}},{"type":"Feature","id":"cc_b76d1ead638e","properties":{"id":"cc_b76d1ead638e","site_type":"Library","name":"Roden","published_hours":"M, W: 10AM-6PM;  TU, TH: 12PM-8PM; F, SA: 9AM-5PM; SU: 1PM-5PM","address":"6083 N. Northwest Highway","zip":"60631","phone":"(312) 744-1478","community_area_number":10,"community_area_name":"Norwood Park"},"geometry":{"type":"Point","coordinates":[-87.79832,41.99194]}},{"type":"Feature","id":"cc_9609550b29b1","properties":{"id":"cc_9609550b29b1","site_type":"Library","name":"Sherman Park","published_hours":"M, W: 12PM-8PM; TU, TH: 10AM-6PM; F, SA: 9AM-5PM; SU: 1PM-5PM","address":"5440 S. Racine Avenue","zip":"60609","phone":"(312) 747-0477","community_area_number":61,"community_area_name":"New City"},"geometry":{"type":"Point","coordinates":[-87.65489,41.79485]}},{"type":"Feature","id":"cc_9a51392d7d7a","properties":{"id":"cc_9a51392d7d7a","site_type":"Library","name":"West Town","published_hours":"M, W: 10AM-6PM;  TU, TH: 12PM-8PM; F, SA: 9AM-5PM; SU: 1PM-5PM","address":"1625 W. Chicago Avenue","zip":"60622","phone":"(312) 743-0450","community_area_number":24,"community_area_name":"West Town"},"geometry":{"type":"Point","coordinates":[-87.66859,41.89606]}},{"type":"Feature","id":"cc_5cbecc05c762","properties":{"id":"cc_5cbecc05c762","site_type":"Library","name":"Coleman","published_hours":"M, W: 12PM-8PM; TU, TH: 10AM-6PM; F, SA: 9AM-5PM; SU: 1PM-5PM","address":"731 E. 63rd Street","zip":"60637","phone":"(312) 747-7760","community_area_number":42,"community_area_name":"Woodlawn"},"geometry":{"type":"Point","coordinates":[-87.60662,41.78014]}},{"type":"Feature","id":"cc_63a4593f9e38","properties":{"id":"cc_63a4593f9e38","site_type":"Library","name":"Lincoln Park","published_hours":"M, W: 10AM-6PM;  TU, TH: 12PM-8PM; F, SA: 9AM-5PM; SU: 1PM-5PM","address":"1150 W. Fullerton Avenue","zip":"60614","phone":"(312) 744-1926","community_area_number":7,"community_area_name":"Lincoln Park"},"geometry":{"type":"Point","coordinates":[-87.65789,41.92559]}},{"type":"Feature","id":"cc_f79b9573f16f","properties":{"id":"cc_f79b9573f16f","site_type":"Library","name":"Little Village","published_hours":"M, W: 10AM-6PM;  TU, TH: 12PM-8PM; F, SA: 9AM-5PM; SU: 1PM-5PM","address":"2311 S. Kedzie Avenue","zip":"60623","phone":"(312) 745-1862","community_area_number":30,"community_area_name":"South Lawndale"},"geometry":{"type":"Point","coordinates":[-87.70518,41.84951]}},{"type":"Feature","id":"cc_819804c01d5c","properties":{"id":"cc_819804c01d5c","site_type":"Library","name":"Toman","published_hours":"M, W: 12PM-8PM; TU, TH: 10AM-6PM; F, SA: 9AM-5PM; SU: 1PM-5PM","address":"2708 S. Pulaski Road","zip":"60623","phone":"(312) 745-1660","community_area_number":30,"community_area_name":"South Lawndale"},"geometry":{"type":"Point","coordinates":[-87.72483,41.84181]}},{"type":"Feature","id":"cc_1c1bdbb58db0","properties":{"id":"cc_1c1bdbb58db0","site_type":"Library","name":"Budlong Woods","published_hours":"M, W: 12PM-8PM; TU, TH: 10AM-6PM; F, SA: 9AM-5PM; SU: 1PM-5PM","address":"5630 N. Lincoln Avenue","zip":"60659","phone":"(312) 742-9590","community_area_number":2,"community_area_name":"West Ridge"},"geometry":{"type":"Point","coordinates":[-87.69647,41.98393]}},{"type":"Feature","id":"cc_66f7f4217b28","properties":{"id":"cc_66f7f4217b28","site_type":"Library","name":"Near North","published_hours":"M, W: 12PM-8PM; TU, TH: 10AM-6PM; F, SA: 9AM-5PM; SU: 1PM-5PM","address":"310 W. Division Street","zip":"60610","phone":"(312) 744-0991","community_area_number":8,"community_area_name":"Near North Side"},"geometry":{"type":"Point","coordinates":[-87.63663,41.90379]}},{"type":"Feature","id":"cc_7ab84e2ed975","properties":{"id":"cc_7ab84e2ed975","site_type":"Library","name":"Wrightwood-Ashburn","published_hours":"M, W: 12PM-8PM; TU, TH: 10AM-6PM; F, SA: 9AM-5PM; SU: 1PM-5PM","address":"8530 S. Kedzie Avenue","zip":"60652","phone":"(312) 747-2696","community_area_number":70,"community_area_name":"Ashburn"},"geometry":{"type":"Point","coordinates":[-87.7025,41.73742]}},{"type":"Feature","id":"cc_892b1688754e","properties":{"id":"cc_892b1688754e","site_type":"Library","name":"West Lawn","published_hours":"M, W: 12PM-8PM; TU, TH: 10AM-6PM; F, SA: 9AM-5PM; SU: 1PM-5PM","address":"4020 W. 63rd Street","zip":"60629","phone":"(312) 747-7381","community_area_number":65,"community_area_name":"West Lawn"},"geometry":{"type":"Point","coordinates":[-87.72384,41.77866]}},{"type":"Feature","id":"cc_360cce327f4f","properties":{"id":"cc_360cce327f4f","site_type":"Library","name":"Greater Grand Crossing","published_hours":"M, W: 12PM-8PM; TU, TH: 10AM-6PM; F, SA: 9AM-5PM; SU: 1PM-5PM","address":"1000 East 73rd Street","zip":"60619","phone":"(312) 745-1608","community_area_number":69,"community_area_name":"Greater Grand Crossing"},"geometry":{"type":"Point","coordinates":[-87.60041,41.76229]}},{"type":"Feature","id":"cc_f45e1b5cffce","properties":{"id":"cc_f45e1b5cffce","site_type":"Library","name":"Brainerd","published_hours":"M, W: 10AM-6PM;  TU, TH: 12PM-8PM; F, SA: 9AM-5PM; SU: 1PM-5PM","address":"1350 W. 89th Street","zip":"60620","phone":"(312) 747-6291","community_area_number":73,"community_area_name":"Washington Heights"},"geometry":{"type":"Point","coordinates":[-87.65774,41.73232]}},{"type":"Feature","id":"cc_8943825674be","properties":{"id":"cc_8943825674be","site_type":"Library","name":"Lincoln Belmont","published_hours":"M, W: 10AM-6PM;  TU, TH: 12PM-8PM; F, SA: 9AM-5PM; SU: 1PM-5PM","address":"1659 W. Melrose Street","zip":"60657","phone":"(312) 744-0166","community_area_number":6,"community_area_name":"Lake View"},"geometry":{"type":"Point","coordinates":[-87.67092,41.94056]}},{"type":"Feature","id":"cc_07a04cd57ef0","properties":{"id":"cc_07a04cd57ef0","site_type":"Library","name":"North Pulaski","published_hours":"M, W: 10AM-6PM;  TU, TH: 12PM-8PM; F, SA: 9AM-5PM; SU: 1PM-5PM","address":"4300 W. North Avenue","zip":"60639","phone":"(312) 744-9573","community_area_number":23,"community_area_name":"Humboldt Park"},"geometry":{"type":"Point","coordinates":[-87.73404,41.91003]}},{"type":"Feature","id":"cc_714a773adbfd","properties":{"id":"cc_714a773adbfd","site_type":"Library","name":"Edgebrook","published_hours":"M, W: 12PM-8PM; TU, TH: 10AM-6PM; F, SA: 9AM-5PM; SU: 1PM-5PM","address":"5331 W. Devon Avenue","zip":"60646","phone":"(312) 744-8313","community_area_number":12,"community_area_name":"Forest Glen"},"geometry":{"type":"Point","coordinates":[-87.76197,41.99727]}},{"type":"Feature","id":"cc_c57fa4fe1980","properties":{"id":"cc_c57fa4fe1980","site_type":"Library","name":"Jeffery Manor","published_hours":"M, W: 10AM-6PM;  TU, TH: 12PM-8PM; F, SA: 9AM-5PM; SU: 1PM-5PM","address":"2401 E. 100th Street","zip":"60617","phone":"(312) 747-6479","community_area_number":51,"community_area_name":"South Deering"},"geometry":{"type":"Point","coordinates":[-87.56556,41.71352]}},{"type":"Feature","id":"cc_0b08ef6d8800","properties":{"id":"cc_0b08ef6d8800","site_type":"Library","name":"Beverly","published_hours":"M, W: 12PM-8PM; TU, TH: 10AM-6PM; F, SA: 9AM-5PM; SU: 1PM-5PM","address":"1962 W. 95th Street","zip":"60643","phone":"(312) 747-9673","community_area_number":72,"community_area_name":"Beverly"},"geometry":{"type":"Point","coordinates":[-87.6723,41.72114]}},{"type":"Feature","id":"cc_bbba20cb5e02","properties":{"id":"cc_bbba20cb5e02","site_type":"Library","name":"Austin","published_hours":"M, W: 12PM-8PM; TU, TH: 10AM-6PM; F, SA: 9AM-5PM; SU: 1PM-5PM","address":"5615 W. Race Avenue","zip":"60644","phone":"(312) 746-5038","community_area_number":25,"community_area_name":"Austin"},"geometry":{"type":"Point","coordinates":[-87.76597,41.88929]}},{"type":"Feature","id":"cc_40bcdb573724","properties":{"id":"cc_40bcdb573724","site_type":"Library","name":"Portage-Cragin","published_hours":"M, W: 12PM-8PM; TU, TH: 10AM-6PM; F, SA: 9AM-5PM; SU: 1PM-5PM","address":"5108 W. Belmont Avenue","zip":"60641","phone":"(312) 744-0152","community_area_number":15,"community_area_name":"Portage Park"},"geometry":{"type":"Point","coordinates":[-87.7547,41.93873]}},{"type":"Feature","id":"cc_a3d8703f2b37","properties":{"id":"cc_a3d8703f2b37","site_type":"Library","name":"Daley, Richard J.-Bridgeport","published_hours":"M, W: 10AM-6PM;  TU, TH: 12PM-8PM; F, SA: 9AM-5PM; SU: 1PM-5PM","address":"3400 S. Halsted Street","zip":"60608","phone":"(312) 747-8990","community_area_number":60,"community_area_name":"Bridgeport"},"geometry":{"type":"Point","coordinates":[-87.64615,41.83257]}},{"type":"Feature","id":"cc_93986846b86e","properties":{"id":"cc_93986846b86e","site_type":"Library","name":"Kelly","published_hours":"M, W: 10AM-6PM;  TU, TH: 12PM-8PM; F, SA: 9AM-5PM; SU: 1PM-5PM","address":"6151 S. Normal Boulevard","zip":"60621","phone":"(312) 747-8418","community_area_number":68,"community_area_name":"Englewood"},"geometry":{"type":"Point","coordinates":[-87.63725,41.7822]}},{"type":"Feature","id":"cc_49402744eba7","properties":{"id":"cc_49402744eba7","site_type":"Library","name":"North Austin","published_hours":"M, W: 12PM-8PM; TU, TH: 10AM-6PM; F, SA: 9AM-5PM; SU: 1PM-5PM","address":"5724 W. North Avenue","zip":"60639","phone":"(312) 746-4233","community_area_number":25,"community_area_name":"Austin"},"geometry":{"type":"Point","coordinates":[-87.76886,41.90933]}},{"type":"Feature","id":"cc_95553181da6a","properties":{"id":"cc_95553181da6a","site_type":"Library","name":"Woodson Regional","published_hours":"M-TH: 9AM-8PM; F, SA: 9AM-5PM; SU: 1PM-5PM","address":"9525 S. Halsted Street","zip":"60628","phone":"(312) 747-6900","community_area_number":73,"community_area_name":"Washington Heights"},"geometry":{"type":"Point","coordinates":[-87.64285,41.72048]}},{"type":"Feature","id":"cc_09aa52fc1021","properties":{"id":"cc_09aa52fc1021","site_type":"Library","name":"Dunning","published_hours":"M, W: 12PM-8PM; TU, TH: 10AM-6PM; F, SA: 9AM-5PM; SU: 1PM-5PM","address":"7455 W. Cornelia Avenue","zip":"60634","phone":"(312) 743-0480","community_area_number":17,"community_area_name":"Dunning"},"geometry":{"type":"Point","coordinates":[-87.81368,41.94307]}},{"type":"Feature","id":"cc_8e0b19b1cbed","properties":{"id":"cc_8e0b19b1cbed","site_type":"Library","name":"Harold Washington-HWLC","published_hours":"M-TH: 9AM-8PM; F, SA: 9AM-5PM; SU: 1PM-5PM","address":"400 S. State Street","zip":"60605","phone":"(312) 747-4300","community_area_number":32,"community_area_name":"Loop"},"geometry":{"type":"Point","coordinates":[-87.62763,41.87633]}},{"type":"Feature","id":"cc_3a69e0d20946","properties":{"id":"cc_3a69e0d20946","site_type":"Library","name":"Brighton Park","published_hours":"M, W: 10AM-6PM;  TU, TH: 12PM-8PM; F, SA: 9AM-5PM; SU: 1PM-5PM","address":"4314 S. Archer Avenue","zip":"60632","phone":"(312) 747-0666","community_area_number":58,"community_area_name":"Brighton Park"},"geometry":{"type":"Point","coordinates":[-87.70303,41.81483]}},{"type":"Feature","id":"cc_88ca9468332c","properties":{"id":"cc_88ca9468332c","site_type":"Library","name":"Northtown","published_hours":"M, W: 10AM-6PM;  TU, TH: 12PM-8PM; F, SA: 9AM-5PM; SU: 1PM-5PM","address":"6800 N. Western Avenue","zip":"60645","phone":"(312) 744-2292","community_area_number":2,"community_area_name":"West Ridge"},"geometry":{"type":"Point","coordinates":[-87.69033,42.00503]}},{"type":"Feature","id":"cc_e7d6ce65a10b","properties":{"id":"cc_e7d6ce65a10b","site_type":"Library","name":"King","published_hours":"M, W: 10AM-6PM;  TU, TH: 12PM-8PM; F, SA: 9AM-5PM; SU: 1PM-5PM","address":"3436 S. King Drive","zip":"60616","phone":"(312) 747-7543","community_area_number":35,"community_area_name":"Douglas"},"geometry":{"type":"Point","coordinates":[-87.61732,41.83198]}},{"type":"Feature","id":"cc_67cfce46f285","properties":{"id":"cc_67cfce46f285","site_type":"Library","name":"Whitney M. Young, Jr.","published_hours":"M, W: 10AM-6PM;  TU, TH: 12PM-8PM; F, SA: 9AM-5PM; SU: 1PM-5PM","address":"415 E. 79th Street","zip":"60619","phone":"(312) 747-0039","community_area_number":44,"community_area_name":"Chatham"},"geometry":{"type":"Point","coordinates":[-87.61425,41.75111]}},{"type":"Feature","id":"cc_b0426fe78a5b","properties":{"id":"cc_b0426fe78a5b","site_type":"Library","name":"Hall","published_hours":"M, W: 10AM-6PM;  TU, TH: 12PM-8PM; F, SA: 9AM-5PM; SU: 1PM-5PM","address":"4801 S. Michigan Avenue","zip":"60615","phone":"(312) 747-2541","community_area_number":38,"community_area_name":"Grand Boulevard"},"geometry":{"type":"Point","coordinates":[-87.6228,41.8073]}},{"type":"Feature","id":"cc_db5ebfe4725d","properties":{"id":"cc_db5ebfe4725d","site_type":"Library","name":"Independence","published_hours":"M, W: 10AM-6PM;  TU, TH: 12PM-8PM; F, SA: 9AM-5PM; SU: 1PM-5PM","address":"4024 N. Elston Avenue","zip":"60618","phone":"(312) 744-0900","community_area_number":16,"community_area_name":"Irving Park"},"geometry":{"type":"Point","coordinates":[-87.72009,41.95432]}},{"type":"Feature","id":"cc_2aed4c395f9a","properties":{"id":"cc_2aed4c395f9a","site_type":"Library","name":"Clearing","published_hours":"M, W: 12PM-8PM; TU, TH: 10AM-6PM; F, SA: 9AM-5PM; SU: 1PM-5PM","address":"6423 W. 63rd Place","zip":"60638","phone":"(312) 747-5657","community_area_number":64,"community_area_name":"Clearing"},"geometry":{"type":"Point","coordinates":[-87.7822,41.77659]}},{"type":"Feature","id":"cc_5af7936184a0","properties":{"id":"cc_5af7936184a0","site_type":"Library","name":"Chicago Lawn","published_hours":"M, W: 10AM-6PM;  TU, TH: 12PM-8PM; F, SA: 9AM-5PM; SU: 1PM-5PM","address":"6120 S. Kedzie Avenue","zip":"60629","phone":"(312) 747-0639","community_area_number":66,"community_area_name":"Chicago Lawn"},"geometry":{"type":"Point","coordinates":[-87.70321,41.78186]}},{"type":"Feature","id":"cc_b85a223f7a1d","properties":{"id":"cc_b85a223f7a1d","site_type":"Library","name":"Bezazian","published_hours":"M, W: 12PM-8PM; TU, TH: 10AM-6PM; F, SA: 9AM-5PM; SU: 1PM-5PM","address":"1226 W. Ainslie Street","zip":"60640","phone":"(312) 744-0019","community_area_number":3,"community_area_name":"Uptown"},"geometry":{"type":"Point","coordinates":[-87.6602,41.97181]}},{"type":"Feature","id":"cc_d0b2e714c868","properties":{"id":"cc_d0b2e714c868","site_type":"Library","name":"Douglass","published_hours":"M, W: 10AM-6PM;  TU, TH: 12PM-8PM; F, SA: 9AM-5PM; SU: 1PM-5PM","address":"3353 W. 13th Street","zip":"60623","phone":"(312) 747-3725","community_area_number":29,"community_area_name":"North Lawndale"},"geometry":{"type":"Point","coordinates":[-87.70967,41.86454]}},{"type":"Feature","id":"cc_4222db542df3","properties":{"id":"cc_4222db542df3","site_type":"Library","name":"Walker","published_hours":"M, W: 10AM-6PM;  TU, TH: 12PM-8PM; F, SA: 9AM-5PM; SU: 1PM-5PM","address":"11071 S. Hoyne Avenue","zip":"60643","phone":"(312) 747-1920","community_area_number":75,"community_area_name":"Morgan Park"},"geometry":{"type":"Point","coordinates":[-87.67412,41.6922]}},{"type":"Feature","id":"cc_174286ee8936","properties":{"id":"cc_174286ee8936","site_type":"Library","name":"Back of the Yards","published_hours":"M, W: 10AM-6PM;  TU, TH: 12PM-8PM; F, SA: 9AM-5PM; SU: 1PM-5PM","address":"2111 W. 47th Street","zip":"60609","phone":"(312) 747-9595","community_area_number":61,"community_area_name":"New City"},"geometry":{"type":"Point","coordinates":[-87.67793,41.80849]}},{"type":"Feature","id":"cc_9caa686e35c2","properties":{"id":"cc_9caa686e35c2","site_type":"Library","name":"Humboldt Park","published_hours":"M, W: 12PM-8PM; TU, TH: 10AM-6PM; F, SA: 9AM-5PM; SU: 1PM-5PM","address":"1605 N. Troy St.","zip":"60647","phone":"(312) 744-2244","community_area_number":23,"community_area_name":"Humboldt Park"},"geometry":{"type":"Point","coordinates":[-87.70531,41.91073]}},{"type":"Feature","id":"cc_bd85763c0db1","properties":{"id":"cc_bd85763c0db1","site_type":"Library","name":"West Loop","published_hours":"M, W: 10AM-6PM;  TU, TH: 12PM-8PM; F, SA: 9AM-5PM; SU: 1PM-5PM","address":"122 N. Aberdeen Street","zip":"60607","phone":"(312) 744-2995","community_area_number":28,"community_area_name":"Near West Side"},"geometry":{"type":"Point","coordinates":[-87.65477,41.88387]}},{"type":"Feature","id":"cc_56fa3ea9c6ca","properties":{"id":"cc_56fa3ea9c6ca","site_type":"Library","name":"Legler Regional","published_hours":"M-TH: 9AM-8PM; F, SA: 9AM-5PM; SU: 1PM-5PM","address":"115 S. Pulaski Road","zip":"60624","phone":"(312) 746-7730","community_area_number":26,"community_area_name":"West Garfield Park"},"geometry":{"type":"Point","coordinates":[-87.72561,41.87932]}},{"type":"Feature","id":"cc_7eec9a5e317a","properties":{"id":"cc_7eec9a5e317a","site_type":"Library","name":"Manning","published_hours":"M, W: 12PM-8PM; TU, TH: 10AM-6PM; F, SA: 9AM-5PM; SU: 1PM-5PM","address":"6 S. Hoyne Avenue","zip":"60612","phone":"(312) 746-6800","community_area_number":28,"community_area_name":"Near West Side"},"geometry":{"type":"Point","coordinates":[-87.67957,41.88081]}},{"type":"Feature","id":"cc_88f44102d0bc","properties":{"id":"cc_88f44102d0bc","site_type":"Library","name":"Gage Park","published_hours":"M, W: 10AM-6PM;  TU, TH: 12PM-8PM; F, SA: 9AM-5PM; SU: 1PM-5PM","address":"2807 W. 55th Street","zip":"60632","phone":"(312) 747-0032","community_area_number":63,"community_area_name":"Gage Park"},"geometry":{"type":"Point","coordinates":[-87.69418,41.79369]}},{"type":"Feature","id":"cc_065798426fa9","properties":{"id":"cc_065798426fa9","site_type":"Library","name":"Altgeld","published_hours":"M, W: 12PM-8PM; TU, TH: 10AM-6PM; F, SA: 9AM-5PM; SU: 1PM-5PM; CLOSED 7/16","address":"955 E. 131st Street","zip":"60827","phone":"(312) 747-3270","community_area_number":54,"community_area_name":"Riverdale"},"geometry":{"type":"Point","coordinates":[-87.5986,41.65732]}},{"type":"Feature","id":"cc_e85eff108884","properties":{"id":"cc_e85eff108884","site_type":"Library","name":"Canaryville","published_hours":"M, W: 12PM-8PM; TU, TH: 10AM-6PM; F, SA: 9AM-5PM; SU: 1PM-5PM","address":"642 W. 43rd Street","zip":"60609","phone":"(312) 747-0644","community_area_number":61,"community_area_name":"New City"},"geometry":{"type":"Point","coordinates":[-87.64257,41.81624]}},{"type":"Feature","id":"cc_cbe1a4562a01","properties":{"id":"cc_cbe1a4562a01","site_type":"Park District Facility","name":"Ada Park","published_hours":"M-F 10AM-10PM; Sat 10AM-6PM; Sun Closed","address":"11250 S. Ada St.","zip":"60643","phone":"(312) 747-6002","community_area_number":75,"community_area_name":"Morgan Park"},"geometry":{"type":"Point","coordinates":[-87.65568,41.68834]}},{"type":"Feature","id":"cc_586c1194deeb","properties":{"id":"cc_586c1194deeb","site_type":"Park District Facility","name":"Amundsen Park","published_hours":"M-W 9AM-8pm; Th-F 9AM-6PM; Sat 9AM-4PM; Sun 9AM-2PM","address":"6200 W. Bloomingdale Ave","zip":"60639","phone":"(312) 746-5003","community_area_number":25,"community_area_name":"Austin"},"geometry":{"type":"Point","coordinates":[-87.78024,41.91284]}},{"type":"Feature","id":"cc_c96ca3bc145e","properties":{"id":"cc_c96ca3bc145e","site_type":"Park District Facility","name":"Brooks Park","published_hours":"M,Th 9AM-9PM; T,W 9AM-10PM; F 9AM-8PM; Sat & Sun 9AM-2PM","address":"7100 N. Harlem Ave.","zip":"60631","phone":"(773) 631-4401","community_area_number":9,"community_area_name":"Edison Park"},"geometry":{"type":"Point","coordinates":[-87.8073,42.00944]}},{"type":"Feature","id":"cc_bb8091cf7383","properties":{"id":"cc_bb8091cf7383","site_type":"Park District Facility","name":"Chase Park","published_hours":"M-F 6:30AM-10PM; Sat & Sun 8AM-4PM","address":"4701 N. Ashland Ave.","zip":"60640","phone":"(312) 742-7518","community_area_number":3,"community_area_name":"Uptown"},"geometry":{"type":"Point","coordinates":[-87.66879,41.96799]}},{"type":"Feature","id":"cc_697a6c5309a4","properties":{"id":"cc_697a6c5309a4","site_type":"Park District Facility","name":"Clark Park","published_hours":"M-F 8AM-8PM; Sat 8AM-4PM; Sun 8AM-3PM","address":"3400 N. Rockwell St.","zip":"60618","phone":"(773) 248-3966","community_area_number":5,"community_area_name":"North Center"},"geometry":{"type":"Point","coordinates":[-87.6931,41.94136]}},{"type":"Feature","id":"cc_2930d965065f","properties":{"id":"cc_2930d965065f","site_type":"Park District Facility","name":"Columbus Park","published_hours":"M-F 8AM- 8PM; Sat 9:30AM-6PM; Sun Closed","address":"500 S. Central Ave.","zip":"60644","phone":"(773) 287-7641","community_area_number":25,"community_area_name":"Austin"},"geometry":{"type":"Point","coordinates":[-87.76572,41.87445]}},{"type":"Feature","id":"cc_13002fef422d","properties":{"id":"cc_13002fef422d","site_type":"Park District Facility","name":"Davis Square","published_hours":"M,T, TH 9AM-7PM; W&F 9am-8PM; Sat 9AM-5PM; Sun Closed","address":"4430 S Marshfield","zip":"60609","phone":"(312) 747-6107","community_area_number":61,"community_area_name":"New City"},"geometry":{"type":"Point","coordinates":[-87.66633,41.8131]}},{"type":"Feature","id":"cc_15478427694e","properties":{"id":"cc_15478427694e","site_type":"Park District Facility","name":"Douglass Park","published_hours":"M-F 9AM- 8PM; Sat 9AM-5PM; Sun Closed","address":"1401 S. Sacramento Dr.","zip":"60623","phone":"(773) 762-2842","community_area_number":29,"community_area_name":"North Lawndale"},"geometry":{"type":"Point","coordinates":[-87.69962,41.86299]}},{"type":"Feature","id":"cc_61089464d8e0","properties":{"id":"cc_61089464d8e0","site_type":"Park District Facility","name":"Ellis Park","published_hours":"M-F 7:30AM-7:30PM; Sat 9AM-5PM; Sun Closed","address":"3520 S. Cottage","zip":"60653","phone":"(773) 285-7099","community_area_number":36,"community_area_name":"Oakland"},"geometry":{"type":"Point","coordinates":[-87.61042,41.83003]}},{"type":"Feature","id":"cc_97ad4eb0e4fd","properties":{"id":"cc_97ad4eb0e4fd","site_type":"Park District Facility","name":"Fernwood Park","published_hours":"M-W 7:30AM-5PM, Th-F 7:30AM-8PM, Sat and Sun Closed","address":"10436 S. Wallace St.","zip":"60628","phone":"(312) 747-6132","community_area_number":49,"community_area_name":"Roseland"},"geometry":{"type":"Point","coordinates":[-87.63857,41.70463]}},{"type":"Feature","id":"cc_704eca316df4","properties":{"id":"cc_704eca316df4","site_type":"Park District Facility","name":"Fosco Park","published_hours":"M-F  7AM-8PM; Sat and Sun Closed","address":"1312 S. Racine Ave.","zip":"60608","phone":"(312) 746-5086","community_area_number":28,"community_area_name":"Near West Side"},"geometry":{"type":"Point","coordinates":[-87.65662,41.86495]}},{"type":"Feature","id":"cc_00f3307d5558","properties":{"id":"cc_00f3307d5558","site_type":"Park District Facility","name":"Foster Park","published_hours":"M-F 7AM-8PM; Sat and Sun 9AM-5PM","address":"1400 W. 84th St.","zip":"60620","phone":"(312) 747-6135","community_area_number":71,"community_area_name":"Auburn Gresham"},"geometry":{"type":"Point","coordinates":[-87.65752,41.74134]}},{"type":"Feature","id":"cc_ffe2dc0770b7","properties":{"id":"cc_ffe2dc0770b7","site_type":"Park District Facility","name":"Garfield Park","published_hours":"M-F 9AM- 9PM; Sat 8:30AM-5PM; Sun Closed","address":"100 N. Central Park","zip":"60624","phone":"(312) 746-5092","community_area_number":27,"community_area_name":"East Garfield Park"},"geometry":{"type":"Point","coordinates":[-87.71607,41.8832]}},{"type":"Feature","id":"cc_f07b1489b0bc","properties":{"id":"cc_f07b1489b0bc","site_type":"Park District Facility","name":"Gill Park","published_hours":"M-F 7AM-9:30PM; Sat 9AM-5PM; Sun 9AM-3PM","address":"825 W. Sheridan","zip":"60613","phone":"(312) 742-7802","community_area_number":6,"community_area_name":"Lake View"},"geometry":{"type":"Point","coordinates":[-87.6506,41.95271]}},{"type":"Feature","id":"cc_c5de70cf5868","properties":{"id":"cc_c5de70cf5868","site_type":"Park District Facility","name":"Harrison Park","published_hours":"M,W,F 8AM-8:30PM; T&Th 8am-9pm; Sat  9AM-5PM; Sun Closed","address":"1824 S. Wood St.","zip":"60608","phone":"(312) 746-5491","community_area_number":31,"community_area_name":"Lower West Side"},"geometry":{"type":"Point","coordinates":[-87.67104,41.85682]}},{"type":"Feature","id":"cc_60cf07715cdf","properties":{"id":"cc_60cf07715cdf","site_type":"Park District Facility","name":"Hayes Park","published_hours":"M-F 7AM-9PM; Sat 8:30AM-5PM; Sun Closed","address":"2936 W. 85th St.","zip":"60652","phone":"(312) 747-6198","community_area_number":70,"community_area_name":"Ashburn"},"geometry":{"type":"Point","coordinates":[-87.69682,41.73863]}},{"type":"Feature","id":"cc_ee787cb2e353","properties":{"id":"cc_ee787cb2e353","site_type":"Park District Facility","name":"Hiawatha Park","published_hours":"M-F 8AM-8PM; Sat 9AM-4PM; Sun 9AM-2PM","address":"8029 W. Forest Preserve Ave.","zip":"60634","phone":"(312) 746-5559","community_area_number":17,"community_area_name":"Dunning"},"geometry":{"type":"Point","coordinates":[-87.82773,41.94403]}},{"type":"Feature","id":"cc_f172da9173d7","properties":{"id":"cc_f172da9173d7","site_type":"Park District Facility","name":"Homan Square Park","published_hours":"M-F 9AM- 8PM; Sat 9AM-5PM; Sun Closed","address":"3559 W. Arthington St.","zip":"60624","phone":"(312) 746-6650","community_area_number":29,"community_area_name":"North Lawndale"},"geometry":{"type":"Point","coordinates":[-87.71381,41.86953]}},{"type":"Feature","id":"cc_9bde84884029","properties":{"id":"cc_9bde84884029","site_type":"Park District Facility","name":"Jesse Owens Park","published_hours":"M-F 9AM-7PM; Sat 10AM-5PM; Sun Closed","address":"8800 S. Clyde Ave.","zip":"60617","phone":"(312) 747-6709","community_area_number":48,"community_area_name":"Calumet Heights"},"geometry":{"type":"Point","coordinates":[-87.57403,41.73499]}},{"type":"Feature","id":"cc_1777721593d0","properties":{"id":"cc_1777721593d0","site_type":"Park District Facility","name":"Jesse White Center","published_hours":"M-F  9AM-5PM; Sat & Sun Closed","address":"410 W. Chicago Ave.","zip":"60610","phone":"(312) 742-2410","community_area_number":8,"community_area_name":"Near North Side"},"geometry":{"type":"Point","coordinates":[-87.63916,41.89652]}},{"type":"Feature","id":"cc_ed4b029394b2","properties":{"id":"cc_ed4b029394b2","site_type":"Park District Facility","name":"Lindblom Park","published_hours":"M-F 9AM-8PM; Sat and Sun 9AM-5PM","address":"6054 S. Damen Ave.","zip":"60636","phone":"(312) 747-6443","community_area_number":67,"community_area_name":"West Englewood"},"geometry":{"type":"Point","coordinates":[-87.67459,41.7836]}},{"type":"Feature","id":"cc_2a99bfab84b1","properties":{"id":"cc_2a99bfab84b1","site_type":"Park District Facility","name":"Marquette Park","published_hours":"M-F 9AM-9PM; Sat and Sun 9AM-5PM","address":"6743 S. Kedzie Ave.","zip":"60629","phone":"(312) 747-6469","community_area_number":66,"community_area_name":"Chicago Lawn"},"geometry":{"type":"Point","coordinates":[-87.70295,41.77063]}},{"type":"Feature","id":"cc_0b19c3d55464","properties":{"id":"cc_0b19c3d55464","site_type":"Park District Facility","name":"McFetridge Sports Center","published_hours":"M-F 6AM-11PM; Sat & Sun 6AM-11PM","address":"3843 N. California Ave.","zip":"60618","phone":"(773) 478-2609","community_area_number":16,"community_area_name":"Irving Park"},"geometry":{"type":"Point","coordinates":[-87.69821,41.95106]}},{"type":"Feature","id":"cc_3f300c8a53ec","properties":{"id":"cc_3f300c8a53ec","site_type":"Park District Facility","name":"McGuane Park","published_hours":"M-F 8AM-9PM; Sat 9AM-5PM; Sun Closed","address":"2901 S. Poplar Ave.","zip":"60608","phone":"(312) 747-6497","community_area_number":60,"community_area_name":"Bridgeport"},"geometry":{"type":"Point","coordinates":[-87.6493,41.84093]}},{"type":"Feature","id":"cc_a0f1d322f157","properties":{"id":"cc_a0f1d322f157","site_type":"Park District Facility","name":"Mozart Park","published_hours":"M-F 8AM-8PM; Sat 10AM-3PM; Sun Closed","address":"2036 N Avers","zip":"60647","phone":"(312) 742-7535","community_area_number":22,"community_area_name":"Logan Square"},"geometry":{"type":"Point","coordinates":[-87.72289,41.9179]}},{"type":"Feature","id":"cc_c50ef4833e95","properties":{"id":"cc_c50ef4833e95","site_type":"Park District Facility","name":"Mt. Greenwood","published_hours":"M-F 8:30AM-9PM; Sat and Sun 9AM-5PM","address":"3721 W. 111th St.","zip":"60655","phone":"(312) 747-6564","community_area_number":74,"community_area_name":"Mount Greenwood"},"geometry":{"type":"Point","coordinates":[-87.71399,41.6912]}},{"type":"Feature","id":"cc_9beb0d01ec43","properties":{"id":"cc_9beb0d01ec43","site_type":"Park District Facility","name":"Nash Community Center","published_hours":"M-F 7AM-8PM; Sat 9AM-5PM; Sun Closed","address":"1833 E. 71st St.","zip":"60649","phone":"(773) 256-0904","community_area_number":43,"community_area_name":"South Shore"},"geometry":{"type":"Point","coordinates":[-87.57995,41.76604]}},{"type":"Feature","id":"cc_b06f98855feb","properties":{"id":"cc_b06f98855feb","site_type":"Park District Facility","name":"Ogden Park","published_hours":"M-F 10AM-8PM; Sat and Sun 9AM-5PM","address":"6500 S. Racine Ave.","zip":"60636","phone":"(312) 747-6572","community_area_number":68,"community_area_name":"Englewood"},"geometry":{"type":"Point","coordinates":[-87.65417,41.7756]}},{"type":"Feature","id":"cc_50b45f5a5994","properties":{"id":"cc_50b45f5a5994","site_type":"Park District Facility","name":"Olympia Park","published_hours":"M-F 8:30AM-9PM; Sat 9AM-5PM; Sun Closed","address":"6566 N Avondale Ave.","zip":"60631","phone":"(773) 631-6861","community_area_number":9,"community_area_name":"Edison Park"},"geometry":{"type":"Point","coordinates":[-87.81488,41.99966]}},{"type":"Feature","id":"cc_d783fe9ac906","properties":{"id":"cc_d783fe9ac906","site_type":"Park District Facility","name":"Ping Tom Park","published_hours":"M-F 9AM-8PM; Sat 9AM-5PM; Sun Closed","address":"1700 S. Wentworth","zip":"60616","phone":"(312) 225-3121","community_area_number":33,"community_area_name":"Near South Side"},"geometry":{"type":"Point","coordinates":[-87.6324,41.85954]}},{"type":"Feature","id":"cc_c7c53040c356","properties":{"id":"cc_c7c53040c356","site_type":"Park District Facility","name":"Pottawattomie Park","published_hours":"M 9AM-9PM; T-TH 9AM-8:30PM; F 9AM-9PM; Sat 9AM-5PM; Sun Closed","address":"7340 N. Rogers Ave.","zip":"60626","phone":"(773) 262-5835","community_area_number":1,"community_area_name":"Rogers Park"},"geometry":{"type":"Point","coordinates":[-87.67783,42.01528]}},{"type":"Feature","id":"cc_2a7556e9a0d5","properties":{"id":"cc_2a7556e9a0d5","site_type":"Park District Facility","name":"Rowan Park","published_hours":"M-F 10AM-6:30PM; Sat and Sun Closed","address":"11546 S. Avenue L","zip":"60617","phone":"(773) 646-3180","community_area_number":52,"community_area_name":"East Side"},"geometry":{"type":"Point","coordinates":[-87.53646,41.6855]}},{"type":"Feature","id":"cc_5f8bec93d081","properties":{"id":"cc_5f8bec93d081","site_type":"Park District Facility","name":"Scottsdale Park","published_hours":"M-F 9AM-9PM; Sat 9AM-5PM; Sun Closed","address":"4637 W. 83rd St.","zip":"60652","phone":"(773) 284-1826","community_area_number":70,"community_area_name":"Ashburn"},"geometry":{"type":"Point","coordinates":[-87.73635,41.74205]}},{"type":"Feature","id":"cc_26b76d5212f5","properties":{"id":"cc_26b76d5212f5","site_type":"Park District Facility","name":"Sheridan Park","published_hours":"M-F  7AM-9PM; Sat 9AM-4:30PM; Sun 9am-3:30pm","address":"910 S. Aberdeen St.","zip":"60607","phone":"(312) 746-5369","community_area_number":28,"community_area_name":"Near West Side"},"geometry":{"type":"Point","coordinates":[-87.65422,41.87012]}},{"type":"Feature","id":"cc_33cdd45d0375","properties":{"id":"cc_33cdd45d0375","site_type":"Park District Facility","name":"Smith Park","published_hours":"M-F 9AM-8PM; Sat 10AM-2PM; Sun Closed","address":"2526 W. Grand Ave.","zip":"60612","phone":"(312) 742-7534","community_area_number":24,"community_area_name":"West Town"},"geometry":{"type":"Point","coordinates":[-87.69011,41.89173]}},{"type":"Feature","id":"cc_b3f04be4dac6","properties":{"id":"cc_b3f04be4dac6","site_type":"Park District Facility","name":"South Shore Cultural Center","published_hours":"M-Sun 7AM-7PM; Sat-hours can vary depending on special event schedule","address":"7059 S. South Shore Dr.","zip":"60649","phone":"(773) 256-0149","community_area_number":43,"community_area_name":"South Shore"},"geometry":{"type":"Point","coordinates":[-87.56647,41.76661]}},{"type":"Feature","id":"cc_b41796db8068","properties":{"id":"cc_b41796db8068","site_type":"Park District Facility","name":"Taylor-Lauridson Park","published_hours":"M-F 8AM-8PM; Sat 9AM-4PM; Sun Closed","address":"704 W. 42nd St.","zip":"60609","phone":"(312) 747-6729","community_area_number":61,"community_area_name":"New City"},"geometry":{"type":"Point","coordinates":[-87.64395,41.81808]}},{"type":"Feature","id":"cc_960115ee777a","properties":{"id":"cc_960115ee777a","site_type":"Park District Facility","name":"Vittum Park","published_hours":"M-F 9:30AM-7PM; Sat and Sun Closed","address":"5010 W. 50th St.","zip":"60638","phone":"(773) 284-6022","community_area_number":56,"community_area_name":"Garfield Ridge"},"geometry":{"type":"Point","coordinates":[-87.74853,41.80244]}},{"type":"Feature","id":"cc_a186d1409d41","properties":{"id":"cc_a186d1409d41","site_type":"Park District Facility","name":"Warren Park","published_hours":"M-F 9AM-8:30PM; Sat & Sun 9AM-3:30PM","address":"6601 N. Western Ave.","zip":"60645","phone":"(773) 262-6314","community_area_number":2,"community_area_name":"West Ridge"},"geometry":{"type":"Point","coordinates":[-87.68997,42.0015]}},{"type":"Feature","id":"cc_04c105564425","properties":{"id":"cc_04c105564425","site_type":"Park District Facility","name":"Washington Park","published_hours":"M-F 9AM-8PM; Sat 9AM-4PM; Sun Closed","address":"5531 S King Drive","zip":"60637","phone":"(773) 256-1248","community_area_number":40,"community_area_name":"Washington Park"},"geometry":{"type":"Point","coordinates":[-87.61595,41.79355]}},{"type":"Feature","id":"cc_d29f54d92360","properties":{"id":"cc_d29f54d92360","site_type":"Park District Facility","name":"West Lawn Park","published_hours":"M-F 9AM-9PM; Sat and Sun 9AM-5PM","address":"4233 W. 65th St.","zip":"60629","phone":"(773) 284-2803","community_area_number":65,"community_area_name":"West Lawn"},"geometry":{"type":"Point","coordinates":[-87.72826,41.77492]}},{"type":"Feature","id":"cc_ab7d75df2c36","properties":{"id":"cc_ab7d75df2c36","site_type":"Park District Facility","name":"Williams Park","published_hours":"M-F 9AM-6PM; Sat 10AM-3PM; Sun Closed","address":"2820 S. State St.","zip":"60616","phone":"(312) 747-7107","community_area_number":35,"community_area_name":"Douglas"},"geometry":{"type":"Point","coordinates":[-87.62688,41.84283]}},{"type":"Feature","id":"cc_ab8d561c6cd5","properties":{"id":"cc_ab8d561c6cd5","site_type":"Park District Facility","name":"Willye White Park","published_hours":"M-F 9AM-9PM; Sat and Sun Closed","address":"1610 W. Howard St.","zip":"60626","phone":"(773) 262-5051","community_area_number":1,"community_area_name":"Rogers Park"},"geometry":{"type":"Point","coordinates":[-87.67157,42.01934]}},{"type":"Feature","id":"cc_085d483ac925","properties":{"id":"cc_085d483ac925","site_type":"Park District Spray Feature","name":"Abbott (Robert)","published_hours":null,"address":"49 E 95Th St","zip":null,"phone":null,"community_area_number":49,"community_area_name":"Roseland"},"geometry":{"type":"Point","coordinates":[-87.62238,41.72176]}},{"type":"Feature","id":"cc_56a68159b2a1","properties":{"id":"cc_56a68159b2a1","site_type":"Park District Spray Feature","name":"Ada (Sawyer Garrett)","published_hours":null,"address":"11250 S Ada St","zip":null,"phone":null,"community_area_number":75,"community_area_name":"Morgan Park"},"geometry":{"type":"Point","coordinates":[-87.65568,41.68834]}},{"type":"Feature","id":"cc_6185bda1e40f","properties":{"id":"cc_6185bda1e40f","site_type":"Park District Spray Feature","name":"Athletic Field","published_hours":null,"address":"3546 W Addison St","zip":null,"phone":null,"community_area_number":21,"community_area_name":"Avondale"},"geometry":{"type":"Point","coordinates":[-87.717,41.94651]}},{"type":"Feature","id":"cc_bab4a231b220","properties":{"id":"cc_bab4a231b220","site_type":"Park District Spray Feature","name":"Avalon","published_hours":null,"address":"1215 E 83Rd St","zip":null,"phone":null,"community_area_number":45,"community_area_name":"Avalon Park"},"geometry":{"type":"Point","coordinates":[-87.59469,41.74422]}},{"type":"Feature","id":"cc_e711c1d79752","properties":{"id":"cc_e711c1d79752","site_type":"Park District Spray Feature","name":"Back Of The Yards","published_hours":null,"address":"4920 S Throop St","zip":null,"phone":null,"community_area_number":61,"community_area_name":"New City"},"geometry":{"type":"Point","coordinates":[-87.65757,41.80436]}},{"type":"Feature","id":"cc_da88215a4fbe","properties":{"id":"cc_da88215a4fbe","site_type":"Park District Spray Feature","name":"Beehive","published_hours":null,"address":"6156 S Dorchester Ave","zip":null,"phone":null,"community_area_number":42,"community_area_name":"Woodlawn"},"geometry":{"type":"Point","coordinates":[-87.59143,41.7828]}},{"type":"Feature","id":"cc_f440a3ffeb41","properties":{"id":"cc_f440a3ffeb41","site_type":"Park District Spray Feature","name":"Bessemer (Henry)","published_hours":null,"address":"8930 S Muskegon Ave","zip":null,"phone":null,"community_area_number":46,"community_area_name":"South Chicago"},"geometry":{"type":"Point","coordinates":[-87.55547,41.73277]}},{"type":"Feature","id":"cc_fe0d5a077ba1","properties":{"id":"cc_fe0d5a077ba1","site_type":"Park District Spray Feature","name":"Beverly","published_hours":null,"address":"2460 W 102Nd St","zip":null,"phone":null,"community_area_number":72,"community_area_name":"Beverly"},"geometry":{"type":"Point","coordinates":[-87.68319,41.70821]}},{"type":"Feature","id":"cc_9f9a7f71b5b4","properties":{"id":"cc_9f9a7f71b5b4","site_type":"Park District Spray Feature","name":"Brainerd","published_hours":null,"address":"1246 W 92Nd St","zip":null,"phone":null,"community_area_number":73,"community_area_name":"Washington Heights"},"geometry":{"type":"Point","coordinates":[-87.65491,41.72677]}},{"type":"Feature","id":"cc_36242a43daf8","properties":{"id":"cc_36242a43daf8","site_type":"Park District Spray Feature","name":"Broncho Billy","published_hours":null,"address":"4437 N Magnolia Ave","zip":null,"phone":null,"community_area_number":3,"community_area_name":"Uptown"},"geometry":{"type":"Point","coordinates":[-87.66092,41.96271]}},{"type":"Feature","id":"cc_68fbf028f474","properties":{"id":"cc_68fbf028f474","site_type":"Park District Spray Feature","name":"Burnside (Ambrose)","published_hours":null,"address":"9400 S Greenwood Ave","zip":null,"phone":null,"community_area_number":47,"community_area_name":"Burnside"},"geometry":{"type":"Point","coordinates":[-87.59729,41.72402]}},{"type":"Feature","id":"cc_bfdf82680435","properties":{"id":"cc_bfdf82680435","site_type":"Park District Spray Feature","name":"California","published_hours":null,"address":"3843 N California Ave","zip":null,"phone":null,"community_area_number":16,"community_area_name":"Irving Park"},"geometry":{"type":"Point","coordinates":[-87.69821,41.95106]}},{"type":"Feature","id":"cc_c71d5d64ec70","properties":{"id":"cc_c71d5d64ec70","site_type":"Park District Spray Feature","name":"Catalpa","published_hours":null,"address":"4330 S Kedvale Ave","zip":null,"phone":null,"community_area_number":57,"community_area_name":"Archer Heights"},"geometry":{"type":"Point","coordinates":[-87.72811,41.81415]}},{"type":"Feature","id":"cc_1431dcf81e85","properties":{"id":"cc_1431dcf81e85","site_type":"Park District Spray Feature","name":"Cedar","published_hours":null,"address":"5315 N Winthrop Ave","zip":null,"phone":null,"community_area_number":77,"community_area_name":"Edgewater"},"geometry":{"type":"Point","coordinates":[-87.65779,41.97856]}},{"type":"Feature","id":"cc_8eb93120cc2d","properties":{"id":"cc_8eb93120cc2d","site_type":"Park District Spray Feature","name":"Chopin (Frederic)","published_hours":null,"address":"3420 N Long Ave","zip":null,"phone":null,"community_area_number":15,"community_area_name":"Portage Park"},"geometry":{"type":"Point","coordinates":[-87.76177,41.9432]}},{"type":"Feature","id":"cc_2898d5926849","properties":{"id":"cc_2898d5926849","site_type":"Park District Spray Feature","name":"Commercial Club Pgd. Of Chicago","published_hours":null,"address":"1845 W Rice St","zip":null,"phone":null,"community_area_number":24,"community_area_name":"West Town"},"geometry":{"type":"Point","coordinates":[-87.6742,41.89688]}},{"type":"Feature","id":"cc_e9b65db01e34","properties":{"id":"cc_e9b65db01e34","site_type":"Park District Spray Feature","name":"Cornell (Paul) Square","published_hours":null,"address":"1809 W 50Th St","zip":null,"phone":null,"community_area_number":61,"community_area_name":"New City"},"geometry":{"type":"Point","coordinates":[-87.66994,41.80308]}},{"type":"Feature","id":"cc_0158f4b6f28a","properties":{"id":"cc_0158f4b6f28a","site_type":"Park District Spray Feature","name":"Cragin","published_hours":null,"address":"2611 N Lockwood Ave","zip":null,"phone":null,"community_area_number":19,"community_area_name":"Belmont Cragin"},"geometry":{"type":"Point","coordinates":[-87.75877,41.92811]}},{"type":"Feature","id":"cc_cb14098c1269","properties":{"id":"cc_cb14098c1269","site_type":"Park District Spray Feature","name":"Davis (Dr. Nathan) Square","published_hours":null,"address":"4430 S Marshfield Ave","zip":null,"phone":null,"community_area_number":61,"community_area_name":"New City"},"geometry":{"type":"Point","coordinates":[-87.66633,41.8131]}},{"type":"Feature","id":"cc_a97cb7169518","properties":{"id":"cc_a97cb7169518","site_type":"Park District Spray Feature","name":"Dawes (Charles G.)","published_hours":null,"address":"8052 S Damen Av","zip":null,"phone":null,"community_area_number":71,"community_area_name":"Auburn Gresham"},"geometry":{"type":"Point","coordinates":[-87.67306,41.74716]}},{"type":"Feature","id":"cc_19a63af0b252","properties":{"id":"cc_19a63af0b252","site_type":"Park District Spray Feature","name":"Dickinson (Arthur)","published_hours":null,"address":"4117 N Lavergne Ave","zip":null,"phone":null,"community_area_number":15,"community_area_name":"Portage Park"},"geometry":{"type":"Point","coordinates":[-87.75226,41.95542]}},{"type":"Feature","id":"cc_6b978bc7731c","properties":{"id":"cc_6b978bc7731c","site_type":"Park District Spray Feature","name":"Douglas (Stephen)","published_hours":null,"address":"1401 S Sacramento","zip":null,"phone":null,"community_area_number":29,"community_area_name":"North Lawndale"},"geometry":{"type":"Point","coordinates":[-87.69962,41.86299]}},{"type":"Feature","id":"cc_1ce2fbcd2f47","properties":{"id":"cc_1ce2fbcd2f47","site_type":"Park District Spray Feature","name":"Dunham (Robert)","published_hours":null,"address":"4640 N Melvina Ave","zip":null,"phone":null,"community_area_number":15,"community_area_name":"Portage Park"},"geometry":{"type":"Point","coordinates":[-87.78265,41.9657]}},{"type":"Feature","id":"cc_9759b343326f","properties":{"id":"cc_9759b343326f","site_type":"Park District Spray Feature","name":"Durkin (Martin)","published_hours":null,"address":"8445 S Kolin Ave","zip":null,"phone":null,"community_area_number":70,"community_area_name":"Ashburn"},"geometry":{"type":"Point","coordinates":[-87.72926,41.73865]}},{"type":"Feature","id":"cc_2016477496d0","properties":{"id":"cc_2016477496d0","site_type":"Park District Spray Feature","name":"Ellis (Samuel)","published_hours":null,"address":"3520 S Cottage Grove","zip":null,"phone":null,"community_area_number":36,"community_area_name":"Oakland"},"geometry":{"type":"Point","coordinates":[-87.61042,41.83003]}},{"type":"Feature","id":"cc_74cccc81bf41","properties":{"id":"cc_74cccc81bf41","site_type":"Park District Spray Feature","name":"Fellger (Charles)","published_hours":null,"address":"2012 W Belmont Ave","zip":null,"phone":null,"community_area_number":5,"community_area_name":"North Center"},"geometry":{"type":"Point","coordinates":[-87.67862,41.93958]}},{"type":"Feature","id":"cc_89bba6646a4f","properties":{"id":"cc_89bba6646a4f","site_type":"Park District Spray Feature","name":"Fernwood","published_hours":null,"address":"10436 S Wallace St","zip":null,"phone":null,"community_area_number":49,"community_area_name":"Roseland"},"geometry":{"type":"Point","coordinates":[-87.63857,41.70463]}},{"type":"Feature","id":"cc_df238f419fdf","properties":{"id":"cc_df238f419fdf","site_type":"Park District Spray Feature","name":"Field (Eugene)","published_hours":null,"address":"5100 N Ridgeway Ave","zip":null,"phone":null,"community_area_number":14,"community_area_name":"Albany Park"},"geometry":{"type":"Point","coordinates":[-87.72328,41.97391]}},{"type":"Feature","id":"cc_4de8cdae9877","properties":{"id":"cc_4de8cdae9877","site_type":"Park District Spray Feature","name":"Flower (Lucy)","published_hours":null,"address":"2554 W Moffat St","zip":null,"phone":null,"community_area_number":22,"community_area_name":"Logan Square"},"geometry":{"type":"Point","coordinates":[-87.69174,41.9148]}},{"type":"Feature","id":"cc_c1a100a6758b","properties":{"id":"cc_c1a100a6758b","site_type":"Park District Spray Feature","name":"Fosco (Peter)","published_hours":null,"address":"1313 S Throop St","zip":null,"phone":null,"community_area_number":28,"community_area_name":"Near West Side"},"geometry":{"type":"Point","coordinates":[-87.65885,41.86477]}},{"type":"Feature","id":"cc_d837ed117ad9","properties":{"id":"cc_d837ed117ad9","site_type":"Park District Spray Feature","name":"Fuller (Melville)","published_hours":null,"address":"331 W 45Th St","zip":null,"phone":null,"community_area_number":37,"community_area_name":"Fuller Park"},"geometry":{"type":"Point","coordinates":[-87.6343,41.81251]}},{"type":"Feature","id":"cc_d39c689e1b62","properties":{"id":"cc_d39c689e1b62","site_type":"Park District Spray Feature","name":"Galewood","published_hours":null,"address":"5729 W Bloomingdale Ave","zip":null,"phone":null,"community_area_number":25,"community_area_name":"Austin"},"geometry":{"type":"Point","coordinates":[-87.76873,41.91262]}},{"type":"Feature","id":"cc_300798fed84e","properties":{"id":"cc_300798fed84e","site_type":"Park District Spray Feature","name":"Golden Gate","published_hours":null,"address":"13000 S Eberhart Ave","zip":null,"phone":null,"community_area_number":54,"community_area_name":"Riverdale"},"geometry":{"type":"Point","coordinates":[-87.61064,41.65894]}},{"type":"Feature","id":"cc_c3949a647a15","properties":{"id":"cc_c3949a647a15","site_type":"Park District Spray Feature","name":"Grand Crossing","published_hours":null,"address":"7655 S Ingleside Ave","zip":null,"phone":null,"community_area_number":69,"community_area_name":"Greater Grand Crossing"},"geometry":{"type":"Point","coordinates":[-87.60165,41.75566]}},{"type":"Feature","id":"cc_caec56fd62b1","properties":{"id":"cc_caec56fd62b1","site_type":"Park District Spray Feature","name":"Greenebaum (Henry)","published_hours":null,"address":"4300 W Wabansia Ave","zip":null,"phone":null,"community_area_number":23,"community_area_name":"Humboldt Park"},"geometry":{"type":"Point","coordinates":[-87.73369,41.91161]}},{"type":"Feature","id":"cc_8146090a3603","properties":{"id":"cc_8146090a3603","site_type":"Park District Spray Feature","name":"Haas (Joseph)","published_hours":null,"address":"2402 N Washtenaw Ave","zip":null,"phone":null,"community_area_number":22,"community_area_name":"Logan Square"},"geometry":{"type":"Point","coordinates":[-87.69498,41.92517]}},{"type":"Feature","id":"cc_60f17d6ce10c","properties":{"id":"cc_60f17d6ce10c","site_type":"Park District Spray Feature","name":"Hamilton (Alexander)","published_hours":null,"address":"513 W 72Nd St","zip":null,"phone":null,"community_area_number":68,"community_area_name":"Englewood"},"geometry":{"type":"Point","coordinates":[-87.63768,41.7636]}},{"type":"Feature","id":"cc_4430bc440fd8","properties":{"id":"cc_4430bc440fd8","site_type":"Park District Spray Feature","name":"Hayes (Francis)","published_hours":null,"address":"2936 W 85Th St","zip":null,"phone":null,"community_area_number":70,"community_area_name":"Ashburn"},"geometry":{"type":"Point","coordinates":[-87.69682,41.73863]}},{"type":"Feature","id":"cc_0e44abb1367a","properties":{"id":"cc_0e44abb1367a","site_type":"Park District Spray Feature","name":"Hermitage","published_hours":null,"address":"5839 S Wood St","zip":null,"phone":null,"community_area_number":67,"community_area_name":"West Englewood"},"geometry":{"type":"Point","coordinates":[-87.66926,41.78719]}},{"type":"Feature","id":"cc_c63ace3d14bf","properties":{"id":"cc_c63ace3d14bf","site_type":"Park District Spray Feature","name":"Hiawatha","published_hours":null,"address":"8029 W Forest Preserve Ave","zip":null,"phone":null,"community_area_number":17,"community_area_name":"Dunning"},"geometry":{"type":"Point","coordinates":[-87.82773,41.94403]}},{"type":"Feature","id":"cc_c5ff6ecc0105","properties":{"id":"cc_c5ff6ecc0105","site_type":"Park District Spray Feature","name":"Holly","published_hours":null,"address":"4052 S Ellis Ave","zip":null,"phone":null,"community_area_number":36,"community_area_name":"Oakland"},"geometry":{"type":"Point","coordinates":[-87.60302,41.8207]}},{"type":"Feature","id":"cc_6381529bff70","properties":{"id":"cc_6381529bff70","site_type":"Park District Spray Feature","name":"Humboldt (Alexander Von)","published_hours":null,"address":"1400 N Humboldt Dr","zip":null,"phone":null,"community_area_number":24,"community_area_name":"West Town"},"geometry":{"type":"Point","coordinates":[-87.7014,41.90646]}},{"type":"Feature","id":"cc_fc58e290b2cd","properties":{"id":"cc_fc58e290b2cd","site_type":"Park District Spray Feature","name":"Indian Boundary","published_hours":null,"address":"2500 W Lunt Ave","zip":null,"phone":null,"community_area_number":2,"community_area_name":"West Ridge"},"geometry":{"type":"Point","coordinates":[-87.69238,42.00861]}},{"type":"Feature","id":"cc_a3f2e7f8e92b","properties":{"id":"cc_a3f2e7f8e92b","site_type":"Park District Spray Feature","name":"Indian Road","published_hours":null,"address":"6010 W Matson Ave","zip":null,"phone":null,"community_area_number":10,"community_area_name":"Norwood Park"},"geometry":{"type":"Point","coordinates":[-87.77832,41.99274]}},{"type":"Feature","id":"cc_5c98db03625c","properties":{"id":"cc_5c98db03625c","site_type":"Park District Spray Feature","name":"Jefferson (Thomas) Meml.","published_hours":null,"address":"4822 N Long Ave","zip":null,"phone":null,"community_area_number":11,"community_area_name":"Jefferson Park"},"geometry":{"type":"Point","coordinates":[-87.76258,41.96875]}},{"type":"Feature","id":"cc_f26a806c40bb","properties":{"id":"cc_f26a806c40bb","site_type":"Park District Spray Feature","name":"Juniper","published_hours":null,"address":"3656 N Greenview Ave","zip":null,"phone":null,"community_area_number":6,"community_area_name":"Lake View"},"geometry":{"type":"Point","coordinates":[-87.66648,41.9487]}},{"type":"Feature","id":"cc_6a8ad1993b8b","properties":{"id":"cc_6a8ad1993b8b","site_type":"Park District Spray Feature","name":"Kedvale","published_hours":null,"address":"4140 W Hirsch St","zip":null,"phone":null,"community_area_number":23,"community_area_name":"Humboldt Park"},"geometry":{"type":"Point","coordinates":[-87.7304,41.90621]}},{"type":"Feature","id":"cc_c4e6adcb886f","properties":{"id":"cc_c4e6adcb886f","site_type":"Park District Spray Feature","name":"Kelvyn (William)","published_hours":null,"address":"4438 W Wrightwood Ave","zip":null,"phone":null,"community_area_number":20,"community_area_name":"Hermosa"},"geometry":{"type":"Point","coordinates":[-87.73816,41.92864]}},{"type":"Feature","id":"cc_2f909ec6433a","properties":{"id":"cc_2f909ec6433a","site_type":"Park District Spray Feature","name":"Kennedy (Dennis)","published_hours":null,"address":"11320 S Western Ave","zip":null,"phone":null,"community_area_number":75,"community_area_name":"Morgan Park"},"geometry":{"type":"Point","coordinates":[-87.681,41.68717]}},{"type":"Feature","id":"cc_9de52da2bf9c","properties":{"id":"cc_9de52da2bf9c","site_type":"Park District Spray Feature","name":"Kenwood Comm.","published_hours":null,"address":"1330 E 50Th St","zip":null,"phone":null,"community_area_number":39,"community_area_name":"Kenwood"},"geometry":{"type":"Point","coordinates":[-87.5942,41.8042]}},{"type":"Feature","id":"cc_e49f99592edc","properties":{"id":"cc_e49f99592edc","site_type":"Park District Spray Feature","name":"King (Martin Luther, Jr.)","published_hours":null,"address":"1200 W 77Th St","zip":null,"phone":null,"community_area_number":71,"community_area_name":"Auburn Gresham"},"geometry":{"type":"Point","coordinates":[-87.65401,41.75413]}},{"type":"Feature","id":"cc_6737018861de","properties":{"id":"cc_6737018861de","site_type":"Park District Spray Feature","name":"Krause (Francis Vernon)","published_hours":null,"address":"10558 S Avenue L","zip":null,"phone":null,"community_area_number":52,"community_area_name":"East Side"},"geometry":{"type":"Point","coordinates":[-87.53645,41.70289]}},{"type":"Feature","id":"cc_db51f4ed6c95","properties":{"id":"cc_db51f4ed6c95","site_type":"Park District Spray Feature","name":"La Villita","published_hours":null,"address":"2800 S Sacramento","zip":null,"phone":null,"community_area_number":30,"community_area_name":"South Lawndale"},"geometry":{"type":"Point","coordinates":[-87.69982,41.84042]}},{"type":"Feature","id":"cc_55ef63947f10","properties":{"id":"cc_55ef63947f10","site_type":"Park District Spray Feature","name":"Lawler (Michael)","published_hours":null,"address":"5210 W 64Th St","zip":null,"phone":null,"community_area_number":64,"community_area_name":"Clearing"},"geometry":{"type":"Point","coordinates":[-87.75174,41.77598]}},{"type":"Feature","id":"cc_6eaf566f8cd7","properties":{"id":"cc_6eaf566f8cd7","site_type":"Park District Spray Feature","name":"Limas (Juliann Hope)","published_hours":null,"address":"2410 S Trumbull Ave","zip":null,"phone":null,"community_area_number":30,"community_area_name":"South Lawndale"},"geometry":{"type":"Point","coordinates":[-87.71121,41.84754]}},{"type":"Feature","id":"cc_b73e56d00cdc","properties":{"id":"cc_b73e56d00cdc","site_type":"Park District Spray Feature","name":"Mann (James)","published_hours":null,"address":"2949 E 131St St","zip":null,"phone":null,"community_area_number":55,"community_area_name":"Hegewisch"},"geometry":{"type":"Point","coordinates":[-87.55278,41.65735]}},{"type":"Feature","id":"cc_020edb56f062","properties":{"id":"cc_020edb56f062","site_type":"Park District Spray Feature","name":"Marquette (Jacques)","published_hours":null,"address":"6734 S Kedzie Ave","zip":null,"phone":null,"community_area_number":66,"community_area_name":"Chicago Lawn"},"geometry":{"type":"Point","coordinates":[-87.70297,41.77137]}},{"type":"Feature","id":"cc_59f9c0fd1fc4","properties":{"id":"cc_59f9c0fd1fc4","site_type":"Park District Spray Feature","name":"Mather (Stephen Tyng)","published_hours":null,"address":"5941 N Richmond St","zip":null,"phone":null,"community_area_number":2,"community_area_name":"West Ridge"},"geometry":{"type":"Point","coordinates":[-87.70297,41.98897]}},{"type":"Feature","id":"cc_a24f8c7b1870","properties":{"id":"cc_a24f8c7b1870","site_type":"Park District Spray Feature","name":"Mayfair","published_hours":null,"address":"4550 W Sunnyside Ave","zip":null,"phone":null,"community_area_number":16,"community_area_name":"Irving Park"},"geometry":{"type":"Point","coordinates":[-87.74205,41.96261]}},{"type":"Feature","id":"cc_ec5023e06664","properties":{"id":"cc_ec5023e06664","site_type":"Park District Spray Feature","name":"Mckiernan (David)","published_hours":null,"address":"10714 S Sawyer Ave","zip":null,"phone":null,"community_area_number":74,"community_area_name":"Mount Greenwood"},"geometry":{"type":"Point","coordinates":[-87.70226,41.69836]}},{"type":"Feature","id":"cc_7ca1cfdec7c6","properties":{"id":"cc_7ca1cfdec7c6","site_type":"Park District Spray Feature","name":"Micek (Frank)","published_hours":null,"address":"5311 S Hamilton Ave","zip":null,"phone":null,"community_area_number":61,"community_area_name":"New City"},"geometry":{"type":"Point","coordinates":[-87.67798,41.79687]}},{"type":"Feature","id":"cc_d1569a133cbf","properties":{"id":"cc_d1569a133cbf","site_type":"Park District Spray Feature","name":"Moore (Maurice)","published_hours":null,"address":"5085 W Adams St","zip":null,"phone":null,"community_area_number":25,"community_area_name":"Austin"},"geometry":{"type":"Point","coordinates":[-87.75276,41.87849]}},{"type":"Feature","id":"cc_d94a5a700994","properties":{"id":"cc_d94a5a700994","site_type":"Park District Spray Feature","name":"Mount Greenwood","published_hours":null,"address":"3721 W 111Th St","zip":null,"phone":null,"community_area_number":74,"community_area_name":"Mount Greenwood"},"geometry":{"type":"Point","coordinates":[-87.71399,41.6912]}},{"type":"Feature","id":"cc_28382526536d","properties":{"id":"cc_28382526536d","site_type":"Park District Spray Feature","name":"Mulberry","published_hours":null,"address":"3150 S Robinson Ct","zip":null,"phone":null,"community_area_number":59,"community_area_name":"Mckinley Park"},"geometry":{"type":"Point","coordinates":[-87.66638,41.83643]}},{"type":"Feature","id":"cc_fb8c87033f1b","properties":{"id":"cc_fb8c87033f1b","site_type":"Park District Spray Feature","name":"Ninebark","published_hours":null,"address":"1447-1453 S Harding Ave","zip":null,"phone":null,"community_area_number":29,"community_area_name":"North Lawndale"},"geometry":{"type":"Point","coordinates":[-87.72384,41.86109]}},{"type":"Feature","id":"cc_a406d58cca02","properties":{"id":"cc_a406d58cca02","site_type":"Park District Spray Feature","name":"Ohio","published_hours":null,"address":"4712 W Ohio St","zip":null,"phone":null,"community_area_number":25,"community_area_name":"Austin"},"geometry":{"type":"Point","coordinates":[-87.74401,41.89139]}},{"type":"Feature","id":"cc_8f34852c9707","properties":{"id":"cc_8f34852c9707","site_type":"Park District Spray Feature","name":"Oriole","published_hours":null,"address":"5430 N Olcott Ave","zip":null,"phone":null,"community_area_number":10,"community_area_name":"Norwood Park"},"geometry":{"type":"Point","coordinates":[-87.81447,41.97841]}},{"type":"Feature","id":"cc_f36d22b576e0","properties":{"id":"cc_f36d22b576e0","site_type":"Park District Spray Feature","name":"Owens (Jesse)","published_hours":null,"address":"8800 S Clyde","zip":null,"phone":null,"community_area_number":48,"community_area_name":"Calumet Heights"},"geometry":{"type":"Point","coordinates":[-87.57403,41.73499]}},{"type":"Feature","id":"cc_e66b52ab0c02","properties":{"id":"cc_e66b52ab0c02","site_type":"Park District Spray Feature","name":"Palmer (Potter)","published_hours":null,"address":"201 E 111Th St","zip":null,"phone":null,"community_area_number":49,"community_area_name":"Roseland"},"geometry":{"type":"Point","coordinates":[-87.61621,41.69212]}},{"type":"Feature","id":"cc_db1fd97d98c8","properties":{"id":"cc_db1fd97d98c8","site_type":"Park District Spray Feature","name":"Park No. 422","published_hours":null,"address":"3200 W Congress Pkwy","zip":null,"phone":null,"community_area_number":27,"community_area_name":"East Garfield Park"},"geometry":{"type":"Point","coordinates":[-87.70613,41.87491]}},{"type":"Feature","id":"cc_8b725773d27d","properties":{"id":"cc_8b725773d27d","site_type":"Park District Spray Feature","name":"Park No. 534","published_hours":null,"address":"1301 S St Louis Ave","zip":null,"phone":null,"community_area_number":29,"community_area_name":"North Lawndale"},"geometry":{"type":"Point","coordinates":[-87.71289,41.86396]}},{"type":"Feature","id":"cc_f695e1da56be","properties":{"id":"cc_f695e1da56be","site_type":"Park District Spray Feature","name":"Park No. 546","published_hours":null,"address":"450 E Benton Place","zip":null,"phone":null,"community_area_number":32,"community_area_name":"Loop"},"geometry":{"type":"Point","coordinates":[-87.6167,41.88552]}},{"type":"Feature","id":"cc_b1e36cb41dc7","properties":{"id":"cc_b1e36cb41dc7","site_type":"Park District Spray Feature","name":"Park No. 574","published_hours":null,"address":"2554 W Jackson Blvd","zip":null,"phone":null,"community_area_number":28,"community_area_name":"Near West Side"},"geometry":{"type":"Point","coordinates":[-87.68979,41.87752]}},{"type":"Feature","id":"cc_4c6f959480a5","properties":{"id":"cc_4c6f959480a5","site_type":"Park District Spray Feature","name":"Parsons (Lucy)","published_hours":null,"address":"4701 W Belmont Ave","zip":null,"phone":null,"community_area_number":19,"community_area_name":"Belmont Cragin"},"geometry":{"type":"Point","coordinates":[-87.74471,41.93871]}},{"type":"Feature","id":"cc_2d8d27c31ed9","properties":{"id":"cc_2d8d27c31ed9","site_type":"Park District Spray Feature","name":"Pendleton (Hadiya)","published_hours":null,"address":"4347 S Calumet Ave","zip":null,"phone":null,"community_area_number":38,"community_area_name":"Grand Boulevard"},"geometry":{"type":"Point","coordinates":[-87.61834,41.81508]}},{"type":"Feature","id":"cc_793c73ff6ff9","properties":{"id":"cc_793c73ff6ff9","site_type":"Park District Spray Feature","name":"Periwinkle","published_hours":null,"address":"30 W 66Th St","zip":null,"phone":null,"community_area_number":69,"community_area_name":"Greater Grand Crossing"},"geometry":{"type":"Point","coordinates":[-87.6278,41.77453]}},{"type":"Feature","id":"cc_07e685d1ac01","properties":{"id":"cc_07e685d1ac01","site_type":"Park District Spray Feature","name":"Pottawattomie","published_hours":null,"address":"7340 N Rogers Ave","zip":null,"phone":null,"community_area_number":1,"community_area_name":"Rogers Park"},"geometry":{"type":"Point","coordinates":[-87.67783,42.01528]}},{"type":"Feature","id":"cc_2a41a0e7e9fa","properties":{"id":"cc_2a41a0e7e9fa","site_type":"Park District Spray Feature","name":"Rosenblum (J. Leslie)","published_hours":null,"address":"7547 S Euclid Ave","zip":null,"phone":null,"community_area_number":43,"community_area_name":"South Shore"},"geometry":{"type":"Point","coordinates":[-87.57691,41.75749]}},{"type":"Feature","id":"cc_d1557237c677","properties":{"id":"cc_d1557237c677","site_type":"Park District Spray Feature","name":"Rowan (William)","published_hours":null,"address":"11546 S Avenue L","zip":null,"phone":null,"community_area_number":52,"community_area_name":"East Side"},"geometry":{"type":"Point","coordinates":[-87.53646,41.6855]}},{"type":"Feature","id":"cc_2e48b86e9b87","properties":{"id":"cc_2e48b86e9b87","site_type":"Park District Spray Feature","name":"Rutherford Sayre","published_hours":null,"address":"6871 W Belden Ave","zip":null,"phone":null,"community_area_number":18,"community_area_name":"Montclare"},"geometry":{"type":"Point","coordinates":[-87.79733,41.92115]}},{"type":"Feature","id":"cc_857f144b8cd8","properties":{"id":"cc_857f144b8cd8","site_type":"Park District Spray Feature","name":"Saint Louis","published_hours":null,"address":"347 N St Louis Ave","zip":null,"phone":null,"community_area_number":27,"community_area_name":"East Garfield Park"},"geometry":{"type":"Point","coordinates":[-87.71362,41.8876]}},{"type":"Feature","id":"cc_65b7676407ee","properties":{"id":"cc_65b7676407ee","site_type":"Park District Spray Feature","name":"Schreiber","published_hours":null,"address":"1552 W Schreiber Ave","zip":null,"phone":null,"community_area_number":1,"community_area_name":"Rogers Park"},"geometry":{"type":"Point","coordinates":[-87.66941,41.99901]}},{"type":"Feature","id":"cc_ad147c2951d0","properties":{"id":"cc_ad147c2951d0","site_type":"Park District Spray Feature","name":"Senka (Edward \"Duke\")","published_hours":null,"address":"5656 S St Louis Ave","zip":null,"phone":null,"community_area_number":63,"community_area_name":"Gage Park"},"geometry":{"type":"Point","coordinates":[-87.71081,41.79036]}},{"type":"Feature","id":"cc_7db641fac162","properties":{"id":"cc_7db641fac162","site_type":"Park District Spray Feature","name":"Senn (Nicholas)","published_hours":null,"address":"5887 N Ridge Ave","zip":null,"phone":null,"community_area_number":77,"community_area_name":"Edgewater"},"geometry":{"type":"Point","coordinates":[-87.66847,41.98877]}},{"type":"Feature","id":"cc_9031489d0907","properties":{"id":"cc_9031489d0907","site_type":"Park District Spray Feature","name":"Shabbona","published_hours":null,"address":"6935 W Addison","zip":null,"phone":null,"community_area_number":17,"community_area_name":"Dunning"},"geometry":{"type":"Point","coordinates":[-87.80028,41.94539]}},{"type":"Feature","id":"cc_c17099230273","properties":{"id":"cc_c17099230273","site_type":"Park District Spray Feature","name":"Sherman (John)","published_hours":null,"address":"1301 W 52Nd St","zip":null,"phone":null,"community_area_number":61,"community_area_name":"New City"},"geometry":{"type":"Point","coordinates":[-87.65753,41.79959]}},{"type":"Feature","id":"cc_327c12acface","properties":{"id":"cc_327c12acface","site_type":"Park District Spray Feature","name":"Sherwood (Jesse)","published_hours":null,"address":"5705 S Shields Ave","zip":null,"phone":null,"community_area_number":68,"community_area_name":"Englewood"},"geometry":{"type":"Point","coordinates":[-87.63406,41.79087]}},{"type":"Feature","id":"cc_e31042106d05","properties":{"id":"cc_e31042106d05","site_type":"Park District Spray Feature","name":"Skinner (Mark)","published_hours":null,"address":"1331 W  Monroe St","zip":null,"phone":null,"community_area_number":28,"community_area_name":"Near West Side"},"geometry":{"type":"Point","coordinates":[-87.66027,41.88026]}},{"type":"Feature","id":"cc_948f13ababa5","properties":{"id":"cc_948f13ababa5","site_type":"Park District Spray Feature","name":"Smith (Joseph Higgins)","published_hours":null,"address":"2526 W Grand Ave","zip":null,"phone":null,"community_area_number":24,"community_area_name":"West Town"},"geometry":{"type":"Point","coordinates":[-87.69011,41.89173]}},{"type":"Feature","id":"cc_de6692e2cb53","properties":{"id":"cc_de6692e2cb53","site_type":"Park District Spray Feature","name":"Stanton (Edwin)","published_hours":null,"address":"618 W Scott St","zip":null,"phone":null,"community_area_number":8,"community_area_name":"Near North Side"},"geometry":{"type":"Point","coordinates":[-87.64379,41.90505]}},{"type":"Feature","id":"cc_591899f08904","properties":{"id":"cc_591899f08904","site_type":"Park District Spray Feature","name":"Stars & Stripes","published_hours":null,"address":"5100 S Nordica Ave","zip":null,"phone":null,"community_area_number":56,"community_area_name":"Garfield Ridge"},"geometry":{"type":"Point","coordinates":[-87.79782,41.79877]}},{"type":"Feature","id":"cc_007b1e02fac5","properties":{"id":"cc_007b1e02fac5","site_type":"Park District Spray Feature","name":"Strohacker (Howard)","published_hours":null,"address":"4347 W 54Th St","zip":null,"phone":null,"community_area_number":62,"community_area_name":"West Elsdon"},"geometry":{"type":"Point","coordinates":[-87.73239,41.79495]}},{"type":"Feature","id":"cc_11264a96123c","properties":{"id":"cc_11264a96123c","site_type":"Park District Spray Feature","name":"Throop (Amos Gager)","published_hours":null,"address":"1811 S Throop St","zip":null,"phone":null,"community_area_number":31,"community_area_name":"Lower West Side"},"geometry":{"type":"Point","coordinates":[-87.65883,41.85751]}},{"type":"Feature","id":"cc_852c11a75256","properties":{"id":"cc_852c11a75256","site_type":"Park District Spray Feature","name":"Tilton (George)","published_hours":null,"address":"305 N Kostner","zip":null,"phone":null,"community_area_number":26,"community_area_name":"West Garfield Park"},"geometry":{"type":"Point","coordinates":[-87.7356,41.88469]}},{"type":"Feature","id":"cc_8e40f8f7420a","properties":{"id":"cc_8e40f8f7420a","site_type":"Park District Spray Feature","name":"Trumbull (Lyman)","published_hours":null,"address":"2400 E 105Th St","zip":null,"phone":null,"community_area_number":51,"community_area_name":"South Deering"},"geometry":{"type":"Point","coordinates":[-87.56449,41.70458]}},{"type":"Feature","id":"cc_4f16ad6cb6b4","properties":{"id":"cc_4f16ad6cb6b4","site_type":"Park District Spray Feature","name":"Tuley (Murray)","published_hours":null,"address":"501 E 90Th Pl","zip":null,"phone":null,"community_area_number":44,"community_area_name":"Chatham"},"geometry":{"type":"Point","coordinates":[-87.61037,41.73049]}},{"type":"Feature","id":"cc_e78a7a4ecfd6","properties":{"id":"cc_e78a7a4ecfd6","site_type":"Park District Spray Feature","name":"Veterans' Memorial","published_hours":null,"address":"2820 E 98Th St","zip":null,"phone":null,"community_area_number":51,"community_area_name":"South Deering"},"geometry":{"type":"Point","coordinates":[-87.55584,41.71728]}},{"type":"Feature","id":"cc_da978c7557ff","properties":{"id":"cc_da978c7557ff","site_type":"Park District Spray Feature","name":"Violet","published_hours":null,"address":"4120 W Taylor St","zip":null,"phone":null,"community_area_number":26,"community_area_name":"West Garfield Park"},"geometry":{"type":"Point","coordinates":[-87.72868,41.86905]}},{"type":"Feature","id":"cc_b313abafce44","properties":{"id":"cc_b313abafce44","site_type":"Park District Spray Feature","name":"Vittum (Harriet Elizabeth)","published_hours":null,"address":"5010 W 50Th St","zip":null,"phone":null,"community_area_number":56,"community_area_name":"Garfield Ridge"},"geometry":{"type":"Point","coordinates":[-87.74853,41.80244]}},{"type":"Feature","id":"cc_8e9aa2d23674","properties":{"id":"cc_8e9aa2d23674","site_type":"Park District Spray Feature","name":"Ward (A. Montgomery)","published_hours":null,"address":"630 N Kingsbury Ave","zip":null,"phone":null,"community_area_number":8,"community_area_name":"Near North Side"},"geometry":{"type":"Point","coordinates":[-87.64146,41.8935]}},{"type":"Feature","id":"cc_aa54c9601ce7","properties":{"id":"cc_aa54c9601ce7","site_type":"Park District Spray Feature","name":"Weisman (Albert)","published_hours":null,"address":"901 W Oakdale Ave","zip":null,"phone":null,"community_area_number":6,"community_area_name":"Lake View"},"geometry":{"type":"Point","coordinates":[-87.65171,41.9354]}},{"type":"Feature","id":"cc_22c8de1a7c75","properties":{"id":"cc_22c8de1a7c75","site_type":"Park District Spray Feature","name":"Welles (Gideon)","published_hours":null,"address":"2333 W Sunnyside Ave","zip":null,"phone":null,"community_area_number":4,"community_area_name":"Lincoln Square"},"geometry":{"type":"Point","coordinates":[-87.68643,41.96316]}},{"type":"Feature","id":"cc_413982be09dd","properties":{"id":"cc_413982be09dd","site_type":"Park District Spray Feature","name":"Wentworth (John)","published_hours":null,"address":"5625 S Mobile Ave","zip":null,"phone":null,"community_area_number":56,"community_area_name":"Garfield Ridge"},"geometry":{"type":"Point","coordinates":[-87.77936,41.78944]}},{"type":"Feature","id":"cc_cdd71cbe791d","properties":{"id":"cc_cdd71cbe791d","site_type":"Park District Spray Feature","name":"West Chatham","published_hours":null,"address":"8223 S Princeton Ave","zip":null,"phone":null,"community_area_number":44,"community_area_name":"Chatham"},"geometry":{"type":"Point","coordinates":[-87.63131,41.74454]}},{"type":"Feature","id":"cc_e27bacea3881","properties":{"id":"cc_e27bacea3881","site_type":"Park District Spray Feature","name":"West Lawn","published_hours":null,"address":"4233 W 65Th St","zip":null,"phone":null,"community_area_number":65,"community_area_name":"West Lawn"},"geometry":{"type":"Point","coordinates":[-87.72826,41.77492]}},{"type":"Feature","id":"cc_5ba2434fada3","properties":{"id":"cc_5ba2434fada3","site_type":"Park District Spray Feature","name":"West Pullman","published_hours":null,"address":"401 W 123Rd St","zip":null,"phone":null,"community_area_number":53,"community_area_name":"West Pullman"},"geometry":{"type":"Point","coordinates":[-87.63239,41.67064]}},{"type":"Feature","id":"cc_0d6248eddb1e","properties":{"id":"cc_0d6248eddb1e","site_type":"Park District Spray Feature","name":"White (Edward)","published_hours":null,"address":"1120 W 122Nd St","zip":null,"phone":null,"community_area_number":53,"community_area_name":"West Pullman"},"geometry":{"type":"Point","coordinates":[-87.65005,41.67251]}},{"type":"Feature","id":"cc_2b29c6d4988e","properties":{"id":"cc_2b29c6d4988e","site_type":"Park District Spray Feature","name":"Williams (Daniel Hale)","published_hours":null,"address":"2820 S State St","zip":null,"phone":null,"community_area_number":35,"community_area_name":"Douglas"},"geometry":{"type":"Point","coordinates":[-87.62688,41.84283]}},{"type":"Feature","id":"cc_2b1580b6545f","properties":{"id":"cc_2b1580b6545f","site_type":"Park District Spray Feature","name":"Wilson (John)","published_hours":null,"address":"1122 W 34Th Pl","zip":null,"phone":null,"community_area_number":60,"community_area_name":"Bridgeport"},"geometry":{"type":"Point","coordinates":[-87.65451,41.83156]}},{"type":"Feature","id":"cc_7e9b2295c596","properties":{"id":"cc_7e9b2295c596","site_type":"Park District Spray Feature","name":"Wolfe (Richard)","published_hours":null,"address":"3325 E 108Th St","zip":null,"phone":null,"community_area_number":52,"community_area_name":"East Side"},"geometry":{"type":"Point","coordinates":[-87.54317,41.69914]}},{"type":"Feature","id":"cc_62d5c7f84ed6","properties":{"id":"cc_62d5c7f84ed6","site_type":"Police District","name":"1st District","published_hours":null,"address":"1718 S State St","zip":"60616","phone":"312-745-4290","community_area_number":33,"community_area_name":"Near South Side"},"geometry":{"type":"Point","coordinates":[-87.62729,41.85848]}},{"type":"Feature","id":"cc_3198c81c529c","properties":{"id":"cc_3198c81c529c","site_type":"Police District","name":"2nd District","published_hours":null,"address":"5101 S Wentworth Ave","zip":"60609","phone":"312-747-8366","community_area_number":37,"community_area_name":"Fuller Park"},"geometry":{"type":"Point","coordinates":[-87.63035,41.80107]}},{"type":"Feature","id":"cc_b0588d152357","properties":{"id":"cc_b0588d152357","site_type":"Police District","name":"3rd District","published_hours":null,"address":"7040 S Cottage Grove Ave","zip":"60637","phone":"312-747-5479","community_area_number":42,"community_area_name":"Woodlawn"},"geometry":{"type":"Point","coordinates":[-87.60616,41.76684]}},{"type":"Feature","id":"cc_225d1bf0f0ae","properties":{"id":"cc_225d1bf0f0ae","site_type":"Police District","name":"4th District","published_hours":null,"address":"2255 E 103rd St","zip":"60617","phone":"312-747-8205","community_area_number":51,"community_area_name":"South Deering"},"geometry":{"type":"Point","coordinates":[-87.56894,41.70756]}},{"type":"Feature","id":"cc_15b3a23f81e9","properties":{"id":"cc_15b3a23f81e9","site_type":"Police District","name":"5th District","published_hours":null,"address":"727 E 111th St","zip":"60628","phone":"312-747-8201","community_area_number":50,"community_area_name":"Pullman"},"geometry":{"type":"Point","coordinates":[-87.60356,41.69263]}},{"type":"Feature","id":"cc_60fff69048dc","properties":{"id":"cc_60fff69048dc","site_type":"Police District","name":"6th District","published_hours":null,"address":"7808 S Halsted St","zip":"60620","phone":"312-7453610","community_area_number":71,"community_area_name":"Auburn Gresham"},"geometry":{"type":"Point","coordinates":[-87.64406,41.75207]}},{"type":"Feature","id":"cc_c2d66faf5a8d","properties":{"id":"cc_c2d66faf5a8d","site_type":"Police District","name":"7th District","published_hours":null,"address":"1438 W 63rd St","zip":"60636","phone":"312-747-8220","community_area_number":67,"community_area_name":"West Englewood"},"geometry":{"type":"Point","coordinates":[-87.66007,41.77951]}},{"type":"Feature","id":"cc_f7b20e5713a1","properties":{"id":"cc_f7b20e5713a1","site_type":"Police District","name":"8th District","published_hours":null,"address":"3420 W 63rd St","zip":"60629","phone":"312-747-8730","community_area_number":66,"community_area_name":"Chicago Lawn"},"geometry":{"type":"Point","coordinates":[-87.70875,41.77889]}},{"type":"Feature","id":"cc_018864cf7722","properties":{"id":"cc_018864cf7722","site_type":"Police District","name":"9th District","published_hours":null,"address":"3120 S Halsted St","zip":"60608","phone":"312-747-8227","community_area_number":60,"community_area_name":"Bridgeport"},"geometry":{"type":"Point","coordinates":[-87.64626,41.83719]}},{"type":"Feature","id":"cc_7c6119ebf54f","properties":{"id":"cc_7c6119ebf54f","site_type":"Police District","name":"10th District","published_hours":null,"address":"3315 W Ogden Ave","zip":"60623","phone":"312-747-7511","community_area_number":29,"community_area_name":"North Lawndale"},"geometry":{"type":"Point","coordinates":[-87.70859,41.85665]}},{"type":"Feature","id":"cc_114b60cc3ab5","properties":{"id":"cc_114b60cc3ab5","site_type":"Police District","name":"11th District","published_hours":null,"address":"3151 W Harrison St","zip":"60612","phone":"312-746-8386","community_area_number":27,"community_area_name":"East Garfield Park"},"geometry":{"type":"Point","coordinates":[-87.70538,41.8737]}},{"type":"Feature","id":"cc_fc18fecaaccb","properties":{"id":"cc_fc18fecaaccb","site_type":"Police District","name":"12th District","published_hours":null,"address":"1412 S Blue Island Ave","zip":"60608","phone":"312-746-8396","community_area_number":28,"community_area_name":"Near West Side"},"geometry":{"type":"Point","coordinates":[-87.65689,41.86287]}},{"type":"Feature","id":"cc_5a90be38c584","properties":{"id":"cc_5a90be38c584","site_type":"Police District","name":"14th District","published_hours":null,"address":"2150 N California Ave","zip":"60647","phone":"312-744-8290","community_area_number":22,"community_area_name":"Logan Square"},"geometry":{"type":"Point","coordinates":[-87.69797,41.92156]}},{"type":"Feature","id":"cc_1b62869763bb","properties":{"id":"cc_1b62869763bb","site_type":"Police District","name":"15th District","published_hours":null,"address":"5701 W Madison St","zip":"60644","phone":"312-743-1440","community_area_number":25,"community_area_name":"Austin"},"geometry":{"type":"Point","coordinates":[-87.76849,41.88016]}},{"type":"Feature","id":"cc_11b257f7b0e1","properties":{"id":"cc_11b257f7b0e1","site_type":"Police District","name":"16th District","published_hours":null,"address":"5151 N Milwaukee Ave","zip":"60630","phone":"312-742-4480","community_area_number":11,"community_area_name":"Jefferson Park"},"geometry":{"type":"Point","coordinates":[-87.76594,41.97443]}},{"type":"Feature","id":"cc_521f26c3a945","properties":{"id":"cc_521f26c3a945","site_type":"Police District","name":"17th District","published_hours":null,"address":"4650 N Pulaski Rd","zip":"60630","phone":"312-742-4410","community_area_number":14,"community_area_name":"Albany Park"},"geometry":{"type":"Point","coordinates":[-87.72798,41.96616]}},{"type":"Feature","id":"cc_ba3b39f83819","properties":{"id":"cc_ba3b39f83819","site_type":"Police District","name":"18th District","published_hours":null,"address":"1160 N Larrabee St","zip":"60610","phone":"312-742-5870","community_area_number":8,"community_area_name":"Near North Side"},"geometry":{"type":"Point","coordinates":[-87.64321,41.90325]}},{"type":"Feature","id":"cc_c7643e0da558","properties":{"id":"cc_c7643e0da558","site_type":"Police District","name":"19th District","published_hours":null,"address":"850 W Addison St","zip":"60613","phone":"312-744-8320","community_area_number":6,"community_area_name":"Lake View"},"geometry":{"type":"Point","coordinates":[-87.6512,41.94729]}},{"type":"Feature","id":"cc_1326dad17319","properties":{"id":"cc_1326dad17319","site_type":"Police District","name":"20th District","published_hours":null,"address":"5400 N Lincoln Ave","zip":"60625","phone":"312-742-8714","community_area_number":4,"community_area_name":"Lincoln Square"},"geometry":{"type":"Point","coordinates":[-87.69276,41.98006]}},{"type":"Feature","id":"cc_55bb4f45abd6","properties":{"id":"cc_55bb4f45abd6","site_type":"Police District","name":"22nd District","published_hours":null,"address":"1900 W Monterey Ave","zip":"60643","phone":"312-745-0570","community_area_number":75,"community_area_name":"Morgan Park"},"geometry":{"type":"Point","coordinates":[-87.66887,41.69202]}},{"type":"Feature","id":"cc_5cf93269b48b","properties":{"id":"cc_5cf93269b48b","site_type":"Police District","name":"24th District","published_hours":null,"address":"6464 N Clark St","zip":"60626","phone":"312-744-5907","community_area_number":1,"community_area_name":"Rogers Park"},"geometry":{"type":"Point","coordinates":[-87.67177,42.00019]}},{"type":"Feature","id":"cc_69a2e66a5aef","properties":{"id":"cc_69a2e66a5aef","site_type":"Police District","name":"25th District","published_hours":null,"address":"5555 W Grand Ave","zip":"60639","phone":"312-746-8605","community_area_number":19,"community_area_name":"Belmont Cragin"},"geometry":{"type":"Point","coordinates":[-87.76463,41.91839]}},{"type":"Feature","id":"cc_8d685ec39bff","properties":{"id":"cc_8d685ec39bff","site_type":"Regional Senior Center","name":"Southeast","published_hours":"M-F: 8:30 a.m. to 4:30 p.m.","address":"1767 E. 79th Street","zip":"60649","phone":"312-747-0189","community_area_number":43,"community_area_name":"South Shore"},"geometry":{"type":"Point","coordinates":[-87.58063,41.75156]}},{"type":"Feature","id":"cc_7f19544a12b2","properties":{"id":"cc_7f19544a12b2","site_type":"Regional Senior Center","name":"Southwest","published_hours":"M-F: 8:30 a.m. to 4:30 p.m.","address":"6117 S. Kedzie Avenue","zip":"60629","phone":"312-747-0440","community_area_number":66,"community_area_name":"Chicago Lawn"},"geometry":{"type":"Point","coordinates":[-87.70298,41.78197]}},{"type":"Feature","id":"cc_d66fc353c149","properties":{"id":"cc_d66fc353c149","site_type":"Regional Senior Center","name":"Central West","published_hours":"M-F: 8:30 a.m. to 4:30 p.m.","address":"2102 W. Ogden Avenue","zip":"60612","phone":"312-746-5300","community_area_number":28,"community_area_name":"Near West Side"},"geometry":{"type":"Point","coordinates":[-87.67862,41.8709]}},{"type":"Feature","id":"cc_5358f7588415","properties":{"id":"cc_5358f7588415","site_type":"Regional Senior Center","name":"Northeast","published_hours":"M-F: 8:30 a.m. to 4:30 p.m.","address":"2019 W. Lawrence Avenue","zip":"60625","phone":"312-744-0784","community_area_number":4,"community_area_name":"Lincoln Square"},"geometry":{"type":"Point","coordinates":[-87.68004,41.96875]}},{"type":"Feature","id":"cc_627446feb498","properties":{"id":"cc_627446feb498","site_type":"Regional Senior Center","name":"Northwest","published_hours":"M-F: 8:30 a.m. to 4:30 p.m.","address":"3160 N. Milwaukee Avenue","zip":"60618","phone":"312-744-6681","community_area_number":21,"community_area_name":"Avondale"},"geometry":{"type":"Point","coordinates":[-87.72256,41.93833]}},{"type":"Feature","id":"cc_5f8a6b28ea73","properties":{"id":"cc_5f8a6b28ea73","site_type":"Regional Senior Center","name":"Renaissance Court","published_hours":"M-F: 10:00 a.m. to 4:30 p.m.","address":"78 E. Washington Street","zip":"60602","phone":"312-744-4550","community_area_number":32,"community_area_name":"Loop"},"geometry":{"type":"Point","coordinates":[-87.62516,41.88325]}},{"type":"Feature","id":"cc_859994e7a179","properties":{"id":"cc_859994e7a179","site_type":"Satellite Senior Center","name":"Austin Satellite","published_hours":"M-F 8:30 a.m. - 4:30 p.m.","address":"5071 West Congress","zip":"60644","phone":"312-743-1538","community_area_number":25,"community_area_name":"Austin"},"geometry":{"type":"Point","coordinates":[-87.75235,41.87398]}},{"type":"Feature","id":"cc_98752ebe35eb","properties":{"id":"cc_98752ebe35eb","site_type":"Satellite Senior Center","name":"Pilsen Satellite","published_hours":"M-F 8:30 a.m. - 4:30 p.m.","address":"2121 South Morgan","zip":"60608","phone":"312-743-0493","community_area_number":31,"community_area_name":"Lower West Side"},"geometry":{"type":"Point","coordinates":[-87.65144,41.85367]}},{"type":"Feature","id":"cc_e4964634531f","properties":{"id":"cc_e4964634531f","site_type":"Satellite Senior Center","name":"West Town Satellite","published_hours":"M-F 8:30 a.m. - 4:30 p.m.","address":"1615 West Chicago Ave.","zip":"60622","phone":"312-743-1016","community_area_number":24,"community_area_name":"West Town"},"geometry":{"type":"Point","coordinates":[-87.66779,41.89572]}},{"type":"Feature","id":"cc_b9d8b974529b","properties":{"id":"cc_b9d8b974529b","site_type":"Satellite Senior Center","name":"Norwood Park Satellite","published_hours":"M-F 8:30 a.m. - 4:30 p.m.","address":"5801 North Natoma","zip":"60631","phone":"773-775-6071","community_area_number":10,"community_area_name":"Norwood Park"},"geometry":{"type":"Point","coordinates":[-87.79414,41.98656]}},{"type":"Feature","id":"cc_ad3f3fc81fec","properties":{"id":"cc_ad3f3fc81fec","site_type":"Satellite Senior Center","name":"Portage Park Satellite","published_hours":"M-F 8:30 a.m. - 4:30 p.m.","address":"4100 North Long","zip":"60639","phone":"312-744-9022","community_area_number":23,"community_area_name":"Humboldt Park"},"geometry":{"type":"Point","coordinates":[-87.72897,41.90985]}},{"type":"Feature","id":"cc_5ae448596500","properties":{"id":"cc_5ae448596500","site_type":"Satellite Senior Center","name":"Abbott Park Satellite","published_hours":"M-F 8:30 a.m. - 4:30 p.m.","address":"49 East 95th St.","zip":"60619","phone":"312-745-3493","community_area_number":49,"community_area_name":"Roseland"},"geometry":{"type":"Point","coordinates":[-87.62238,41.72176]}},{"type":"Feature","id":"cc_c2e56c3b812d","properties":{"id":"cc_c2e56c3b812d","site_type":"Satellite Senior Center","name":"Chatham Satellite","published_hours":"M-F 8:30 a.m. - 4:30 p.m.","address":"8300 South Cottage Grove","zip":"60619","phone":"312-745-0401","community_area_number":44,"community_area_name":"Chatham"},"geometry":{"type":"Point","coordinates":[-87.60502,41.74368]}},{"type":"Feature","id":"cc_053f5b9c5b14","properties":{"id":"cc_053f5b9c5b14","site_type":"Satellite Senior Center","name":"Roseland Satellite","published_hours":"M-F 8:30 a.m. - 4:30 p.m.","address":"10426 South Michigan","zip":"60628","phone":"312-745-1500","community_area_number":49,"community_area_name":"Roseland"},"geometry":{"type":"Point","coordinates":[-87.62116,41.70451]}},{"type":"Feature","id":"cc_e62437431b8a","properties":{"id":"cc_e62437431b8a","site_type":"Satellite Senior Center","name":"Garfield Ridge Satellite","published_hours":"M-F 8:30 a.m. - 4:30 p.m.","address":"5674-B South Archer","zip":"60638","phone":"312-745-4255","community_area_number":56,"community_area_name":"Garfield Ridge"},"geometry":{"type":"Point","coordinates":[-87.75267,41.79721]}},{"type":"Feature","id":"cc_db63ee43fdc1","properties":{"id":"cc_db63ee43fdc1","site_type":"Satellite Senior Center","name":"Kelvyn Park Satellite","published_hours":"M-F 8:30 a.m. - 4:30 p.m.","address":"2715 North Cicero","zip":"60639","phone":"312-744-3350","community_area_number":19,"community_area_name":"Belmont Cragin"},"geometry":{"type":"Point","coordinates":[-87.74654,41.93009]}},{"type":"Feature","id":"cc_50800c0ed903","properties":{"id":"cc_50800c0ed903","site_type":"Satellite Senior Center","name":"Auburn Gresham Satellite","published_hours":"M-F 8:30 a.m. - 4:30 p.m.","address":"1040 West 79th St.","zip":"60620","phone":"312-745-4797","community_area_number":71,"community_area_name":"Auburn Gresham"},"geometry":{"type":"Point","coordinates":[-87.65031,41.75054]}},{"type":"Feature","id":"cc_d467643fc423","properties":{"id":"cc_d467643fc423","site_type":"Satellite Senior Center","name":"Englewood Satellite","published_hours":"M-F 8:30 a.m. - 4:30 p.m.","address":"653-657 West 63rd St.","zip":"60621","phone":"312-745-3328","community_area_number":68,"community_area_name":"Englewood"},"geometry":{"type":"Point","coordinates":[-87.6422,41.7798]}},{"type":"Feature","id":"cc_fceb9d1856e6","properties":{"id":"cc_fceb9d1856e6","site_type":"Satellite Senior Center","name":"Edgewater Satellite","published_hours":"M-F 8:30 a.m. - 4:30 p.m.","address":"5917 North Broadway","zip":"60621","phone":"312-742-5323","community_area_number":77,"community_area_name":"Edgewater"},"geometry":{"type":"Point","coordinates":[-87.65954,41.98944]}},{"type":"Feature","id":"cc_48dde010f136","properties":{"id":"cc_48dde010f136","site_type":"Satellite Senior Center","name":"South Chicago Satellite","published_hours":"M-F 8:30 a.m. - 4:30 p.m.","address":"9233 South Burley","zip":"60617","phone":"312-745-1282","community_area_number":46,"community_area_name":"South Chicago"},"geometry":{"type":"Point","coordinates":[-87.54557,41.72731]}}]}
